case,family,background,source_id,direction,method,smc_survived,found_cf,terminal_tv,ess_fraction,normalizer_relative_estimate,unique_cf,seconds,best_base_edit_regret,endpoint_mean_meets_gain,endpoint_all_replicates_positive,endpoint_all_replicates_meet_gain,endpoint_base_edits
00ad5cfc3bb35bb9,"AHR,CTCF,ONECUT1",2,seq_201072,-1,reference,1.0,1.0,0.1803963472277635,0.7288810069666067,1.0074804734670328,5.4375,0.000275813250013357,0.0,1.0,1.0,0.8499658839106583,14.192650405365429
00ad5cfc3bb35bb9,"AHR,CTCF,ONECUT1",2,seq_201072,-1,myopic,1.0,1.0,0.33120847080091953,0.34807375760924797,1.0744633843352975,4.3125,0.0002502023124719699,0.0,1.0,1.0,0.837543173822207,14.192860363076855
00ad5cfc3bb35bb9,"AHR,CTCF,ONECUT1",2,seq_201072,-1,rollout,1.0,1.0,0.2071549312065214,0.832436571254977,1.0105625682628843,5.0625,0.0004858899375221881,0.0,1.0,1.0,0.8639695160276206,14.10822690112657
00ad5cfc3bb35bb9,"AHR,CTCF,ONECUT1",2,seq_201072,-1,learned,1.0,1.0,0.19490805486323912,0.947255931426862,1.0102401676214885,5.3125,0.0017963829999843028,0.0,1.0,1.0,0.8780729504709232,13.868674611409165
00ad5cfc3bb35bb9,"AHR,CTCF,ONECUT1",2,seq_201072,-1,exact,1.0,1.0,0.2003864070319593,1.0,0.9999999999999996,5.4375,0.0002530831249885068,0.0,1.0,1.0,0.90234375,14.546875
00ad5cfc3bb35bb9,"AHR,CTCF,ONECUT1",2,seq_201072,-1,defensive_rollout,1.0,1.0,0.19988196135668077,0.8949082933210047,0.9932073628812534,5.25,0.000494313687525505,0.0,1.0,1.0,0.8608168897739121,13.992866901673016
017d6fba62320768,"AHR,CEBPA,PPARA",2,seq_130148,-1,reference,1.0,1.0,3.122502256758253e-17,0.2820726825213672,1.0382204772859236,1.0,0.00023843806252443756,0.0,0.0,0.0,0.0,24.0
017d6fba62320768,"AHR,CEBPA,PPARA",2,seq_130148,-1,myopic,1.0,1.0,1.3877787807814457e-17,0.20914478988930302,1.7268645979505428,1.0,0.0002561098749822577,0.0,0.0,0.0,0.0,24.0
017d6fba62320768,"AHR,CEBPA,PPARA",2,seq_130148,-1,rollout,1.0,1.0,6.245004513516506e-17,0.6718577958557074,0.43991623799326746,1.0,0.0005071363125210837,0.0,0.0,0.0,0.0,24.0
017d6fba62320768,"AHR,CEBPA,PPARA",2,seq_130148,-1,learned,1.0,1.0,4.85722573273506e-17,0.8092532328383369,0.9991122956817958,1.0,0.0018208060624829159,0.0,0.0,0.0,0.0,24.0
017d6fba62320768,"AHR,CEBPA,PPARA",2,seq_130148,-1,exact,1.0,1.0,6.938893903907228e-18,1.0,0.9999999999999993,1.0,0.0002554318124907695,0.0,0.0,0.0,0.0,24.0
017d6fba62320768,"AHR,CEBPA,PPARA",2,seq_130148,-1,defensive_rollout,1.0,1.0,2.42861286636753e-17,0.4084689228801878,1.143855648692985,1.0,0.0004970726249808877,0.0,0.0,0.0,0.0,24.0
031e262895b0c8bc,"AHR,AP1,SP1",2,seq_169872,-1,reference,1.0,1.0,0.10101737902519231,0.43801782984049564,1.0886490003952416,2.0,0.00026777568749025704,0.0,0.12954359061881537,0.12954359061881537,0.12954359061881537,2.6840666780445996
031e262895b0c8bc,"AHR,AP1,SP1",2,seq_169872,-1,myopic,1.0,1.0,0.09547144848353281,0.6658775421859982,0.9710171404696195,1.9375,0.00024339793752403693,0.0,0.13106267164608765,0.13106267164608765,0.13106267164608765,2.70381473139914
031e262895b0c8bc,"AHR,AP1,SP1",2,seq_169872,-1,rollout,1.0,1.0,0.07941993360270291,0.744127438761097,0.8958829377648234,2.0,0.0004898451874737475,0.0,0.14494568234794775,0.14494568234794775,0.14494568234794775,2.8842938705233205
031e262895b0c8bc,"AHR,AP1,SP1",2,seq_169872,-1,learned,1.0,1.0,0.0744363639619001,0.9386596356258117,0.9682285043360883,2.0,0.001788614624970819,0.0,0.1333757998389221,0.1333757998389221,0.1333757998389221,2.733885397905987
031e262895b0c8bc,"AHR,AP1,SP1",2,seq_169872,-1,exact,1.0,1.0,0.10690779671932481,0.9999999999999999,1.0000000000000004,2.0,0.00025354156254309146,0.0,0.203125,0.203125,0.203125,3.640625
031e262895b0c8bc,"AHR,AP1,SP1",2,seq_169872,-1,defensive_rollout,1.0,1.0,0.09838975791735419,0.7121563804268484,1.0466633876295186,2.0,0.0004931406875101629,0.0,0.18963747573940648,0.18963747573940648,0.18963747573940648,3.4652871846122846
03f0653c76ef5483,"ONECUT1,ONECUT1,ONECUT1",1,seq_143183,1,reference,1.0,1.0,6.245004513516506e-17,0.33344190243631266,0.916397123616994,1.0,0.00023850312499007487,0.0,1.0,1.0,0.0,10.0
03f0653c76ef5483,"ONECUT1,ONECUT1,ONECUT1",1,seq_143183,1,myopic,1.0,1.0,5.204170427930421e-17,0.32616005661044867,0.8341512996240286,1.0,0.000253360750008369,0.0,1.0,1.0,0.0,10.0
03f0653c76ef5483,"ONECUT1,ONECUT1,ONECUT1",1,seq_143183,1,rollout,1.0,1.0,5.204170427930421e-17,0.7384814957921917,0.7883111843110706,1.0,0.0004876838124943106,0.0,1.0,1.0,0.0,10.0
03f0653c76ef5483,"ONECUT1,ONECUT1,ONECUT1",1,seq_143183,1,learned,1.0,1.0,3.122502256758253e-17,0.8778580365076334,1.081156534096666,1.0,0.0018233498124686776,0.0,1.0,1.0,0.0,10.0
03f0653c76ef5483,"ONECUT1,ONECUT1,ONECUT1",1,seq_143183,1,exact,1.0,1.0,3.469446951953614e-18,1.0,1.0000000000000002,1.0,0.00025299318751592637,0.0,1.0,1.0,0.0,10.0
03f0653c76ef5483,"ONECUT1,ONECUT1,ONECUT1",1,seq_143183,1,defensive_rollout,1.0,1.0,4.5102810375396984e-17,0.6197753969340994,1.1030826733411438,1.0,0.0005146561875193356,0.0,1.0,1.0,0.0,10.0
046e34eb724b8439,"CEBPA,YY1,YY1",2,seq_132510,-1,reference,1.0,1.0,0.14473759538802117,0.5079261041784927,0.9434986230417135,3.0,0.00023990149999519872,0.0,1.0,0.680827141608259,0.0,12.87255572552567
046e34eb724b8439,"CEBPA,YY1,YY1",2,seq_132510,-1,myopic,1.0,1.0,0.25610887569834806,0.3194540168123725,0.94634773065045,2.9375,0.0002446003124987328,0.0,1.0,0.5610640110426569,0.0,13.950423900616087
046e34eb724b8439,"CEBPA,YY1,YY1",2,seq_132510,-1,rollout,1.0,1.0,0.14606275260487836,0.7642374037828689,0.9409514511762193,2.9375,0.0004869864999506035,0.0,1.0,0.6772376256292975,0.0,12.904861369336322
046e34eb724b8439,"CEBPA,YY1,YY1",2,seq_132510,-1,learned,1.0,1.0,0.15018012466060898,0.8404673415131334,0.9802146189437707,2.9375,0.0018326097500107608,0.0,1.0,0.5896460412601845,0.0,13.693185628658338
046e34eb724b8439,"CEBPA,YY1,YY1",2,seq_132510,-1,exact,1.0,1.0,0.12280663233248265,1.0,1.0000000000000004,2.875,0.00025053837498489884,0.0,1.0,0.67578125,0.0,12.91796875
046e34eb724b8439,"CEBPA,YY1,YY1",2,seq_132510,-1,defensive_rollout,1.0,1.0,0.13342637047679748,0.82143780221139,1.0549381476820257,3.0,0.0005312058750064352,0.0,1.0,0.6371941154005973,0.0,13.265252961394623
04bba97e3eacc771,"CEBPA,REST,RXRA",1,seq_129441,1,reference,1.0,1.0,0.22781276016540325,0.42294364491004044,0.9771723330251889,3.9375,0.0002674072500070679,0.0,1.0,0.2919230620784877,0.23860213629065394,19.270336386809774
04bba97e3eacc771,"CEBPA,REST,RXRA",1,seq_129441,1,myopic,1.0,1.0,0.3278719094290645,0.2999383754012974,0.9141677521602128,3.0625,0.0002801190625518757,0.0,1.0,0.16532120593312116,0.16297640480506367,19.023416057776657
04bba97e3eacc771,"CEBPA,REST,RXRA",1,seq_129441,1,rollout,1.0,1.0,0.1737065177969405,0.7378842014028274,0.9233768614126303,3.6875,0.000490188875005515,0.0,1.0,0.2050463891144923,0.14227516801443646,18.9487030805062
04bba97e3eacc771,"CEBPA,REST,RXRA",1,seq_129441,1,learned,1.0,1.0,0.14390587063355204,0.9397864938706116,0.9865131621243687,3.8125,0.0017368306250062915,0.0,1.0,0.19240094359457893,0.15575284033568237,18.305580449434217
04bba97e3eacc771,"CEBPA,REST,RXRA",1,seq_129441,1,exact,1.0,1.0,0.15097405263684585,1.0,1.0000000000000002,3.8125,0.00026537224997014164,0.0,1.0,0.27734375,0.234375,19.5703125
04bba97e3eacc771,"CEBPA,REST,RXRA",1,seq_129441,1,defensive_rollout,1.0,1.0,0.1717706736921374,0.7352038617539456,1.0231170404011176,3.875,0.0006388470624898446,0.0,1.0,0.2577305926704876,0.20309416404295844,19.196975837793417
05493b054772ccd5,"PPARA,RXRA,SP1",2,seq_185650,1,reference,1.0,1.0,7.632783294297951e-17,0.3334402951079965,1.125592125191044,1.0,0.00032290356250541663,0.0,1.0,0.0,0.0,11.0
05493b054772ccd5,"PPARA,RXRA,SP1",2,seq_185650,1,myopic,1.0,1.0,5.898059818321144e-17,0.25954620177422827,0.7932774227599478,1.0,0.00033148812501337943,0.0,1.0,0.0,0.0,11.0
05493b054772ccd5,"PPARA,RXRA,SP1",2,seq_185650,1,rollout,1.0,1.0,2.42861286636753e-17,0.6456839951757534,0.6815137410200096,1.0,0.0006493248749706027,0.0,1.0,0.0,0.0,11.0
05493b054772ccd5,"PPARA,RXRA,SP1",2,seq_185650,1,learned,1.0,1.0,3.8163916471489756e-17,0.9065187467302276,0.937212647898144,1.0,0.002453001187461723,0.0,1.0,0.0,0.0,11.0
05493b054772ccd5,"PPARA,RXRA,SP1",2,seq_185650,1,exact,1.0,1.0,0.0,1.0,0.9999999999999997,1.0,0.00026810831249690636,0.0,1.0,0.0,0.0,11.0
05493b054772ccd5,"PPARA,RXRA,SP1",2,seq_185650,1,defensive_rollout,1.0,1.0,4.85722573273506e-17,0.6371900829130939,0.9996676249635768,1.0,0.0005120723750025036,0.0,1.0,0.0,0.0,11.0
067037ea532fbcdb,"FOXA1,ONECUT1,PPARA",1,seq_183713,-1,reference,1.0,1.0,0.22472926212982602,0.9022320452042767,0.9680594264242584,6.5625,0.00024162531251192831,0.0,0.4648489965846462,0.3395057322217824,0.3395057322217824,13.085640324321227
067037ea532fbcdb,"FOXA1,ONECUT1,PPARA",1,seq_183713,-1,myopic,1.0,1.0,0.302790349254778,0.5312399571626156,1.0238286705399968,4.9375,0.00028330493751127506,0.0,0.5442347228860427,0.35693998555233136,0.35693998555233136,13.498279393272082
067037ea532fbcdb,"FOXA1,ONECUT1,PPARA",1,seq_183713,-1,rollout,1.0,1.0,0.212437227401429,0.9017417657080178,1.0271549808355747,6.125,0.0005554085000198938,0.0,0.4757999452809798,0.3255291209594333,0.3255291209594333,13.079872180646301
067037ea532fbcdb,"FOXA1,ONECUT1,PPARA",1,seq_183713,-1,learned,1.0,1.0,0.19213552538352419,0.9790990598729781,0.9867047704160381,5.875,0.002334730062486301,0.0,0.4655997505757158,0.305463885671337,0.305463885671337,12.734522771154165
067037ea532fbcdb,"FOXA1,ONECUT1,PPARA",1,seq_183713,-1,exact,1.0,1.0,0.23257793581852607,1.0,1.0,6.125,0.0003354959375485578,0.0,0.421875,0.28125,0.28125,12.51953125
067037ea532fbcdb,"FOXA1,ONECUT1,PPARA",1,seq_183713,-1,defensive_rollout,1.0,1.0,0.22850438746329457,0.9456172758414482,0.9940719775396025,6.3125,0.0005898294374588886,0.0,0.4070924752495499,0.3151529157466056,0.3151529157466056,12.128550403956567
069a2579961e4beb,"GABPA,HNF4A,REST",1,seq_155235,-1,reference,1.0,1.0,0.16456497993478317,0.5712160338708006,1.0871531875447924,4.4375,0.00026156912497299345,0.0,0.1492535324851,0.09208475516625052,0.09208475516625052,10.265262913323877
069a2579961e4beb,"GABPA,HNF4A,REST",1,seq_155235,-1,myopic,1.0,1.0,0.2116527749835413,0.4643862859875594,1.0163769432812733,3.375,0.00025799812500792996,0.0,0.17997302447379446,0.07221286319848659,0.07221286319848659,10.311992003056245
069a2579961e4beb,"GABPA,HNF4A,REST",1,seq_155235,-1,rollout,1.0,1.0,0.16272990724887915,0.7986392074265067,0.9662419040454512,4.25,0.00048750474998371374,0.0,0.19488285713128592,0.06519858478725726,0.06519858478725726,10.530381744487084
069a2579961e4beb,"GABPA,HNF4A,REST",1,seq_155235,-1,learned,1.0,1.0,0.15613239140445037,0.9143862022741368,0.9846966075757392,4.5,0.0017667954374900319,0.0,0.19528514300506897,0.0668310947074045,0.0668310947074045,10.54695730905756
069a2579961e4beb,"GABPA,HNF4A,REST",1,seq_155235,-1,exact,1.0,1.0,0.13962035071281756,1.0,0.9999999999999998,4.25,0.00025182100000620267,0.0,0.1796875,0.07421875,0.07421875,10.67578125
069a2579961e4beb,"GABPA,HNF4A,REST",1,seq_155235,-1,defensive_rollout,1.0,1.0,0.16346051175064386,0.8088247256937597,1.0219070724805737,4.6875,0.0004951454374975128,0.0,0.14460696238386522,0.07694509479807102,0.07694509479807102,10.339494928021207
06ad376329652954,"FOXA1,ONECUT1,ONECUT1",1,seq_123585,1,reference,1.0,1.0,0.1955029436919001,0.75855967063369,1.0625781814843103,5.4375,0.0002650441874862963,0.0,1.0,1.0,1.0,12.41644474178268
06ad376329652954,"FOXA1,ONECUT1,ONECUT1",1,seq_123585,1,myopic,1.0,1.0,0.2926710730256218,0.4757623547500093,1.0489114846511312,4.375,0.00024589606246649964,0.0,1.0,1.0,1.0,12.436129242601503
06ad376329652954,"FOXA1,ONECUT1,ONECUT1",1,seq_123585,1,rollout,1.0,1.0,0.198804223037423,0.8591033815153413,1.018884216562641,5.3125,0.0005381454375026351,0.0,1.0,1.0,1.0,12.467530312340187
06ad376329652954,"FOXA1,ONECUT1,ONECUT1",1,seq_123585,1,learned,1.0,1.0,0.20131431966749547,0.9618423844082155,1.0119459809198883,5.375,0.0021356440000062094,0.0,1.0,1.0,1.0,13.093906998654173
06ad376329652954,"FOXA1,ONECUT1,ONECUT1",1,seq_123585,1,exact,1.0,1.0,0.14986692092908133,1.0,1.0,5.25,0.00025695293747673986,0.0,1.0,1.0,1.0,12.8671875
06ad376329652954,"FOXA1,ONECUT1,ONECUT1",1,seq_123585,1,defensive_rollout,1.0,1.0,0.19897157460094514,0.8920738511465833,1.0136575615414025,5.375,0.0004997696249802175,0.0,1.0,1.0,1.0,13.022795762543371
07d3c3b87255bce0,"RXRA,SP1,YY1",2,seq_134196,1,reference,1.0,1.0,0.11007208699619259,0.430499581909524,1.0458033079792517,2.0,0.0002575420625419156,0.0,0.24010401658786487,0.24010401658786487,0.0,10.40104016587865
07d3c3b87255bce0,"RXRA,SP1,YY1",2,seq_134196,1,myopic,1.0,1.0,0.22966313783414413,0.3293243832801761,1.0556825703308255,1.875,0.00027331275001074573,0.0,0.26965216512726037,0.26965216512726037,0.0,10.696521651272604
07d3c3b87255bce0,"RXRA,SP1,YY1",2,seq_134196,1,rollout,1.0,1.0,0.08281676479647823,0.7063310524123791,0.8362691371560314,2.0,0.00048654512501400404,0.0,0.19168039330974967,0.19168039330974967,0.0,9.916803933097496
07d3c3b87255bce0,"RXRA,SP1,YY1",2,seq_134196,1,learned,1.0,1.0,0.08883029603085671,0.9570404787308094,0.9403331407823892,2.0,0.002184422562507393,0.0,0.20417709804613232,0.20417709804613232,0.0,10.041770980461322
07d3c3b87255bce0,"RXRA,SP1,YY1",2,seq_134196,1,exact,1.0,1.0,0.0838476103885249,1.0,1.0000000000000004,2.0,0.00031314225002176954,0.0,0.16796875,0.16796875,0.0,9.6796875
07d3c3b87255bce0,"RXRA,SP1,YY1",2,seq_134196,1,defensive_rollout,1.0,1.0,0.08548151577129326,0.6938188493462151,1.0016603985396402,2.0,0.0004954353750434848,0.0,0.17067108786043245,0.17067108786043245,0.0,9.706710878604323
084b2fd395099f80,"CEBPA,FOXA1,GABPA",2,seq_188818,1,reference,1.0,1.0,0.12056844770638263,0.32979341259911776,1.0709724160475655,2.0,0.0002384912499735492,0.0,0.0,0.0,0.0,16.809635046468014
084b2fd395099f80,"CEBPA,FOXA1,GABPA",2,seq_188818,1,myopic,1.0,1.0,0.1293130260986659,0.2363033642101084,0.8333699034976145,1.5625,0.00023992393751370855,0.0,0.0,0.0,0.0,16.0644440402017
084b2fd395099f80,"CEBPA,FOXA1,GABPA",2,seq_188818,1,rollout,1.0,1.0,0.12357054778608227,0.7288820995657925,0.8060672907269821,2.0,0.0005171046249898836,0.0,0.0,0.0,0.0,16.725691587626624
084b2fd395099f80,"CEBPA,FOXA1,GABPA",2,seq_188818,1,learned,1.0,1.0,0.06932631292365399,0.8970425099193211,0.9359783568191015,2.0,0.0022281484374815363,0.0,0.0,0.0,0.0,16.13586943412806
084b2fd395099f80,"CEBPA,FOXA1,GABPA",2,seq_188818,1,exact,1.0,1.0,0.08984375,0.9999999999999999,1.0000000000000004,1.9375,0.0002923190625239158,0.0,0.0,0.0,0.0,16.93359375
084b2fd395099f80,"CEBPA,FOXA1,GABPA",2,seq_188818,1,defensive_rollout,1.0,1.0,0.08270217148734253,0.5663596324226448,0.9658752676860439,1.9375,0.0004977061874882338,0.0,0.0,0.0,0.0,16.78704575875742
0923f7890412d070,"HNF1A,YY1,YY1",2,seq_174430,1,reference,1.0,1.0,0.11351014256345932,0.28709622919256816,1.15529200602073,2.0,0.0004372823750173893,0.0,0.0,0.0,0.0,28.672034238318318
0923f7890412d070,"HNF1A,YY1,YY1",2,seq_174430,1,myopic,1.0,1.0,0.19223763497066454,0.21543168295352574,0.749478825233315,1.4375,0.00043148937496084727,0.0,0.0,0.0,0.0,28.582239820406464
0923f7890412d070,"HNF1A,YY1,YY1",2,seq_174430,1,rollout,1.0,1.0,0.08348977357815886,0.6941517348328519,0.683160755401695,1.9375,0.0008518436249573824,0.0,0.0,0.0,0.0,28.81547502818796
0923f7890412d070,"HNF1A,YY1,YY1",2,seq_174430,1,learned,1.0,1.0,0.10387044577438004,0.5867526174961977,0.8104561978594128,2.0,0.002566191999974876,0.0,0.0,0.0,0.0,29.247530067527094
0923f7890412d070,"HNF1A,YY1,YY1",2,seq_174430,1,exact,1.0,1.0,0.07834739775226748,1.0,1.0000000000000004,2.0,0.0002534865000143327,0.0,0.0,0.0,0.0,28.875
0923f7890412d070,"HNF1A,YY1,YY1",2,seq_174430,1,defensive_rollout,1.0,1.0,0.12096571293245459,0.3996032951820676,1.0486476211777203,2.0,0.000536929562485966,0.0,0.0,0.0,0.0,28.359346006768586
09ae76e52a12c60b,"AHR,HNF1A,NR2F2",2,seq_176382,-1,reference,1.0,1.0,0.21374955588830324,0.69173574505912,1.0517925537769974,5.375,0.00024091531250292064,0.0,0.9235311468455122,0.0659263045142063,0.0659263045142063,17.204862069787726
09ae76e52a12c60b,"AHR,HNF1A,NR2F2",2,seq_176382,-1,myopic,1.0,1.0,0.2988516526236223,0.340925686880474,1.0181863131674112,3.0,0.00024914862498803814,0.0,0.9668410068825183,0.0,0.0,14.911525134626137
09ae76e52a12c60b,"AHR,HNF1A,NR2F2",2,seq_176382,-1,rollout,1.0,1.0,0.1940077300439139,0.8095887732787724,1.0442051352366004,4.75,0.0004953869999866356,0.0,0.9027229756698676,0.056003061278551966,0.056003061278551966,17.496103542106432
09ae76e52a12c60b,"AHR,HNF1A,NR2F2",2,seq_176382,-1,learned,1.0,1.0,0.17314376352130223,0.9507585451204481,1.0113623502356013,5.0,0.002227577000056158,0.0,0.8967107981418649,0.029752807061461245,0.029752807061461245,17.22964930022732
09ae76e52a12c60b,"AHR,HNF1A,NR2F2",2,seq_176382,-1,exact,1.0,1.0,0.1534309435572881,1.0,1.0000000000000004,5.1875,0.00025962006255042525,0.0,0.91796875,0.06640625,0.06640625,17.03125
09ae76e52a12c60b,"AHR,HNF1A,NR2F2",2,seq_176382,-1,defensive_rollout,1.0,1.0,0.1549308852258156,0.879423956642943,1.0060127565849002,5.5,0.0005399668749959119,0.0,0.9015799987969964,0.039291064567646986,0.039291064567646986,16.59357056696308
0a46fd8238b62dfa,"REST,SP1,XBP1",2,seq_206512,-1,reference,1.0,1.0,0.1405108916699639,0.38172788810858554,1.0453589153643281,2.0,0.0002380323124810957,0.0,0.23627040375603658,0.23627040375603658,0.23627040375603658,14.890163230048291
0a46fd8238b62dfa,"REST,SP1,XBP1",2,seq_206512,-1,myopic,1.0,1.0,0.18252824373542748,0.2550021783909311,1.197144886816925,1.875,0.000248119874967756,0.0,0.20881450472558521,0.20881450472558521,0.20881450472558521,14.670516037804681
0a46fd8238b62dfa,"REST,SP1,XBP1",2,seq_206512,-1,rollout,1.0,1.0,0.12152070485735869,0.788128629221869,0.8275790547804616,2.0,0.0004883123749976903,0.0,0.2638872527586156,0.2638872527586156,0.2638872527586156,15.111098022068925
0a46fd8238b62dfa,"REST,SP1,XBP1",2,seq_206512,-1,learned,1.0,1.0,0.09453063707097574,0.9164459023106492,0.9849336971944117,2.0,0.002199258812495941,0.0,0.2919135504209958,0.2919135504209958,0.2919135504209958,15.335308403367966
0a46fd8238b62dfa,"REST,SP1,XBP1",2,seq_206512,-1,exact,1.0,1.0,0.09455782316049922,1.0,1.0000000000000002,2.0,0.0002630091249642419,0.0,0.234375,0.234375,0.234375,14.875
0a46fd8238b62dfa,"REST,SP1,XBP1",2,seq_206512,-1,defensive_rollout,1.0,1.0,0.12239765032065313,0.692612773857628,0.9941896975360411,2.0,0.0005166486249947866,0.0,0.23248109901794722,0.23248109901794722,0.23248109901794722,14.859848792143577
0aa8f64f48129d4a,"AHR,CTCF,HNF4A",2,seq_154702,-1,reference,1.0,1.0,0.21017624054313294,0.6171595255595541,0.9864064368010546,4.6875,0.0002461387500289902,0.0,1.0,0.31776368247777687,0.1673346690946094,17.18490730942721
0aa8f64f48129d4a,"AHR,CTCF,HNF4A",2,seq_154702,-1,myopic,1.0,1.0,0.33756083645057755,0.2956401001719937,1.0140336053359504,3.6875,0.0002470450000373603,0.0,1.0,0.25489346699001403,0.05472301463514362,16.463302029152146
0aa8f64f48129d4a,"AHR,CTCF,HNF4A",2,seq_154702,-1,rollout,1.0,1.0,0.20202090003372983,0.8037942556277089,0.8760662084552008,4.8125,0.00048375600000838404,0.0,1.0,0.27088927471870755,0.17426195471366118,17.062700973268534
0aa8f64f48129d4a,"AHR,CTCF,HNF4A",2,seq_154702,-1,learned,1.0,1.0,0.17386517510383317,0.9544735629144846,0.986266412846228,4.6875,0.002183431687470261,0.0,1.0,0.2985079737769777,0.16054180534726487,17.026794235460443
0aa8f64f48129d4a,"AHR,CTCF,HNF4A",2,seq_154702,-1,exact,1.0,1.0,0.17343012736907304,1.0,1.0,4.875,0.00026397081249740495,0.0,1.0,0.26953125,0.1484375,17.0703125
0aa8f64f48129d4a,"AHR,CTCF,HNF4A",2,seq_154702,-1,defensive_rollout,1.0,1.0,0.20532005893978267,0.8572162994740089,1.02152555544866,4.5,0.0005598143750091822,0.0,1.0,0.3113632791047073,0.19505428417413007,16.987166127545727
0aa9c43f0254bd5c,"ONECUT1,XBP1,YY1",2,seq_136886,-1,reference,1.0,1.0,0.15749920564240047,0.4367937175341065,1.0209607160064498,2.0,0.00027306731249154836,0.0,0.2951042661802601,0.2951042661802601,0.0,15.951042661802601
0aa9c43f0254bd5c,"ONECUT1,XBP1,YY1",2,seq_136886,-1,myopic,1.0,1.0,0.19637015030389893,0.2374036206998701,1.044555324518989,1.875,0.00025857518751593034,0.0,0.17250332403890392,0.17250332403890392,0.0,14.725033240389038
0aa9c43f0254bd5c,"ONECUT1,XBP1,YY1",2,seq_136886,-1,rollout,1.0,1.0,0.10356067422971826,0.7466388173540015,0.8957716773010431,2.0,0.0004810425625123571,0.0,0.194001116806297,0.194001116806297,0.0,14.94001116806297
0aa9c43f0254bd5c,"ONECUT1,XBP1,YY1",2,seq_136886,-1,learned,1.0,1.0,0.07788546981672596,0.9121200206929881,0.9656229793288926,2.0,0.002410570937499301,0.0,0.18885066323365168,0.18885066323365168,0.0,14.888506632336517
0aa9c43f0254bd5c,"ONECUT1,XBP1,YY1",2,seq_136886,-1,exact,1.0,1.0,0.07421875,1.0,1.0,2.0,0.0004714851874609849,0.0,0.22265625,0.22265625,0.0,15.2265625
0aa9c43f0254bd5c,"ONECUT1,XBP1,YY1",2,seq_136886,-1,defensive_rollout,1.0,1.0,0.10468347028058743,0.7100728196097903,0.9942234863978174,2.0,0.0005006929375497293,0.0,0.22831513067132464,0.22831513067132464,0.0,15.283151306713247
0ab9537928de8c2b,"FOXA1,HNF4A,REST",2,seq_178846,-1,reference,1.0,1.0,4.163336342344337e-17,0.3178319454367993,0.9907354264428141,1.0,0.00027041456246479356,0.0,0.0,0.0,0.0,15.0
0ab9537928de8c2b,"FOXA1,HNF4A,REST",2,seq_178846,-1,myopic,1.0,1.0,7.632783294297951e-17,0.3264646356367296,0.9005451662010833,1.0,0.00026845799999364317,0.0,0.0,0.0,0.0,15.0
0ab9537928de8c2b,"FOXA1,HNF4A,REST",2,seq_178846,-1,rollout,1.0,1.0,5.204170427930421e-17,0.7564516207500827,0.6368494777614787,1.0,0.0004951030000057699,0.0,0.0,0.0,0.0,15.0
0ab9537928de8c2b,"FOXA1,HNF4A,REST",2,seq_178846,-1,learned,1.0,1.0,5.898059818321144e-17,0.37310340512207796,1.1380023988360304,1.0,0.0018492306874833275,0.0,0.0,0.0,0.0,15.0
0ab9537928de8c2b,"FOXA1,HNF4A,REST",2,seq_178846,-1,exact,1.0,1.0,0.0,1.0,1.0000000000000002,1.0,0.0002575726249745003,0.0,0.0,0.0,0.0,15.0
0ab9537928de8c2b,"FOXA1,HNF4A,REST",2,seq_178846,-1,defensive_rollout,1.0,1.0,2.7755575615628914e-17,0.6022411267658553,1.029401403505286,1.0,0.0005034621249961901,0.0,0.0,0.0,0.0,15.0
0ac297b04f21d8c9,"HNF4A,ONECUT1,RXRA",2,seq_158442,-1,reference,1.0,1.0,0.1159578482070932,0.40191188837141734,0.9243381026297531,2.0,0.0002858688125257913,0.0,1.0,1.0,0.7777300512072247,11.222699487927752
0ac297b04f21d8c9,"HNF4A,ONECUT1,RXRA",2,seq_158442,-1,myopic,1.0,1.0,0.16663290734487485,0.3071406614920541,0.9043493338927435,1.875,0.0002493353750168126,0.0,1.0,1.0,0.810626599991056,10.893734000089442
0ac297b04f21d8c9,"HNF4A,ONECUT1,RXRA",2,seq_158442,-1,rollout,1.0,1.0,0.0832094716696312,0.7587060465120239,0.9787810826788087,2.0,0.0005748727499934603,0.0,1.0,1.0,0.7762431831756897,11.237568168243104
0ac297b04f21d8c9,"HNF4A,ONECUT1,RXRA",2,seq_158442,-1,learned,1.0,1.0,0.0730150803090262,0.9192051737370572,0.9444770218129871,2.0,0.0019003593750142045,0.0,1.0,1.0,0.7730046925363008,11.269953074636991
0ac297b04f21d8c9,"HNF4A,ONECUT1,RXRA",2,seq_158442,-1,exact,1.0,1.0,0.029692285821870702,1.0,1.0000000000000002,2.0,0.00028366556250603026,0.0,1.0,1.0,0.80078125,10.9921875
0ac297b04f21d8c9,"HNF4A,ONECUT1,RXRA",2,seq_158442,-1,defensive_rollout,1.0,1.0,0.09327238958489283,0.671096947959378,0.9204431847065125,2.0,0.0005372497500388818,0.0,1.0,1.0,0.791247290817392,11.087527091826079
0ae0e84cef990cde,"AHR,REST,SP1",1,seq_179737,-1,reference,1.0,1.0,0.21886386732792396,0.6558090145127848,0.9634064475595028,4.6875,0.0002618270625589503,0.0,0.5988306064318281,0.5988306064318281,0.5988306064318281,12.182656214185258
0ae0e84cef990cde,"AHR,REST,SP1",1,seq_179737,-1,myopic,1.0,1.0,0.2867311149384817,0.41618111553566495,1.0809185532061762,3.375,0.000247766500010016,0.0,0.6334942644861282,0.6334942644861282,0.6334942644861282,12.433929482842617
0ae0e84cef990cde,"AHR,REST,SP1",1,seq_179737,-1,rollout,1.0,1.0,0.17072798558073948,0.8199851345216279,0.9872229740319438,4.3125,0.0005187753749709145,0.0,0.633472956788723,0.633472956788723,0.633472956788723,11.646528439143387
0ae0e84cef990cde,"AHR,REST,SP1",1,seq_179737,-1,learned,1.0,1.0,0.18321527051174502,0.9215527412508323,1.0164145115018384,4.4375,0.0019167566874784825,0.0,0.6966591528759232,0.6966591528759232,0.6966591528759232,11.957963204390115
0ae0e84cef990cde,"AHR,REST,SP1",1,seq_179737,-1,exact,1.0,1.0,0.17135701279492482,0.9999999999999998,0.9999999999999998,4.5,0.00030268062496929815,0.0,0.640625,0.640625,0.640625,11.734375
0ae0e84cef990cde,"AHR,REST,SP1",1,seq_179737,-1,defensive_rollout,1.0,1.0,0.15008167627080204,0.860242509941584,1.0095800788811389,4.6875,0.0005490251874675778,0.0,0.6074953849135838,0.6074953849135838,0.6074953849135838,12.235177502693068
0aebd2aedc38f3a0,"PPARA,SP1,TFAP2C",1,seq_187745,1,reference,1.0,1.0,0.17111736823563017,0.6267053299236895,0.9877635258965405,3.6875,0.00023939681248918987,0.0,0.9722660838976891,0.9722660838976891,0.9722660838976891,6.821425972809789
0aebd2aedc38f3a0,"PPARA,SP1,TFAP2C",1,seq_187745,1,myopic,1.0,1.0,0.18953666159656626,0.661432923515796,0.9247965941722256,3.1875,0.0002879763749774611,0.0,0.971293597850212,0.971293597850212,0.971293597850212,7.042796278396198
0aebd2aedc38f3a0,"PPARA,SP1,TFAP2C",1,seq_187745,1,rollout,1.0,1.0,0.21014716892086355,0.8047186331064147,1.0204686504755298,3.5625,0.0005624175625627004,0.0,0.9756238097620735,0.9756238097620735,0.9756238097620735,7.267851912519211
0aebd2aedc38f3a0,"PPARA,SP1,TFAP2C",1,seq_187745,1,learned,1.0,1.0,0.17930781108012805,0.8859248961065946,1.001984608804613,3.8125,0.002913820937521905,0.0,0.9439342902588359,0.9439342902588359,0.9439342902588359,7.620655950998891
0aebd2aedc38f3a0,"PPARA,SP1,TFAP2C",1,seq_187745,1,exact,1.0,1.0,0.14334414247016708,1.0,1.0000000000000002,3.625,0.00026441562499712745,0.0,0.9609375,0.9609375,0.9609375,7.1796875
0aebd2aedc38f3a0,"PPARA,SP1,TFAP2C",1,seq_187745,1,defensive_rollout,1.0,1.0,0.15086402185630973,0.8725699684570671,0.9931620436300977,3.4375,0.0005195791874825773,0.0,0.9745178779751258,0.9745178779751258,0.9745178779751258,6.9727660880007605
0b25aad6d57cea0c,"REST,SP1,XBP1",1,seq_206519,-1,reference,1.0,1.0,0.08177784540570711,0.36753399563846556,1.0542627019381774,2.0,0.00025301456251725085,0.0,1.0,1.0,0.863637587772767,16.77271135895403
0b25aad6d57cea0c,"REST,SP1,XBP1",1,seq_206519,-1,myopic,1.0,1.0,0.16401580145862082,0.22368540787894448,1.1494726347952067,1.875,0.00024593787500748476,0.0,1.0,1.0,0.8784650089777248,16.579954883289577
0b25aad6d57cea0c,"REST,SP1,XBP1",1,seq_206519,-1,rollout,1.0,1.0,0.10426330180731658,0.7423669368038174,0.7948396539542297,2.0,0.0005049838124904227,0.0,1.0,1.0,0.8400037570402514,17.07995115847673
0b25aad6d57cea0c,"REST,SP1,XBP1",1,seq_206519,-1,learned,1.0,1.0,0.06563815871231123,0.8452590081553346,1.0283038265294069,2.0,0.0020073196249938974,0.0,1.0,1.0,0.8467950439286166,16.99166442892799
0b25aad6d57cea0c,"REST,SP1,XBP1",1,seq_206519,-1,exact,1.0,1.0,0.06470293371142413,0.9999999999999997,0.9999999999999997,2.0,0.0003051266875075953,0.0,1.0,1.0,0.84375,17.03125
0b25aad6d57cea0c,"REST,SP1,XBP1",1,seq_206519,-1,defensive_rollout,1.0,1.0,0.09486672173399324,0.6688170813414845,1.048090466335107,2.0,0.0005287691250117632,0.0,1.0,1.0,0.816081576427182,17.390939506446635
0b9bb28cc337ff42,"GABPA,HNF4A,YY1",1,seq_152569,1,reference,1.0,1.0,2.0816681711721685e-17,0.38189072344165986,1.122513424191642,1.0,0.00028186343749325715,0.0,1.0,1.0,1.0,6.0
0b9bb28cc337ff42,"GABPA,HNF4A,YY1",1,seq_152569,1,myopic,1.0,1.0,5.204170427930421e-17,0.4623707412143411,1.0310290777050564,1.0,0.00026148537502024283,0.0,1.0,1.0,1.0,6.0
0b9bb28cc337ff42,"GABPA,HNF4A,YY1",1,seq_152569,1,rollout,1.0,1.0,3.8163916471489756e-17,0.6826076938252585,0.7682923000609587,1.0,0.000646525187505631,0.0,1.0,1.0,1.0,6.0
0b9bb28cc337ff42,"GABPA,HNF4A,YY1",1,seq_152569,1,learned,1.0,1.0,6.245004513516506e-17,0.8826011473168263,0.9645083810816286,1.0,0.0023276275625363496,0.0,1.0,1.0,1.0,6.0
0b9bb28cc337ff42,"GABPA,HNF4A,YY1",1,seq_152569,1,exact,1.0,1.0,3.469446951953614e-18,1.0,1.0,1.0,0.0002670153125023944,0.0,1.0,1.0,1.0,6.0
0b9bb28cc337ff42,"GABPA,HNF4A,YY1",1,seq_152569,1,defensive_rollout,1.0,1.0,5.204170427930421e-17,0.6561327200372874,0.9553116676472698,1.0,0.0005204529999787155,0.0,1.0,1.0,1.0,6.0
0bb818d9aabfa0b5,"AP1,RXRA,YY1",1,seq_157331,1,reference,1.0,1.0,0.23154392650517774,0.7767950908360115,1.0001639471921568,5.5625,0.00024765224998191115,0.0,0.3573917672079798,0.25814817741219576,0.2234344528758329,11.153925307491996
0bb818d9aabfa0b5,"AP1,RXRA,YY1",1,seq_157331,1,myopic,1.0,1.0,0.285552671357072,0.49606573271077986,1.057921754300669,5.0,0.00024515781250045166,0.0,0.3261929774919752,0.3066503710573979,0.2447841572795462,10.595398685563165
0bb818d9aabfa0b5,"AP1,RXRA,YY1",1,seq_157331,1,rollout,1.0,1.0,0.20591784238290367,0.894290886762229,0.9840168100024189,5.6875,0.0006451200624582043,0.0,0.3158751754248727,0.25598494965192053,0.20504783150010214,10.941263000938225
0bb818d9aabfa0b5,"AP1,RXRA,YY1",1,seq_157331,1,learned,1.0,1.0,0.22666644623623133,0.9498632163016867,1.002668295866146,5.8125,0.002383559750001041,0.0,0.2751412213055657,0.22020957225195115,0.16672426842250726,10.852364413344777
0bb818d9aabfa0b5,"AP1,RXRA,YY1",1,seq_157331,1,exact,1.0,1.0,0.18993215378393252,0.9999999999999999,1.0,5.8125,0.0002727662500490169,0.0,0.2578125,0.20312500000000003,0.15625000000000006,10.82421875
0bb818d9aabfa0b5,"AP1,RXRA,YY1",1,seq_157331,1,defensive_rollout,1.0,1.0,0.19493931189667174,0.9260923824471095,1.0154780340912728,5.5625,0.0004963767499930327,0.0,0.28882388906833223,0.21065705952496042,0.1656222278504975,11.00910604431764
0bd0b983194ccd12,"FOXA1,GABPA,ONECUT1",1,seq_142209,1,reference,1.0,1.0,0.22155181621445788,0.645222704925387,1.0046972473390694,4.5625,0.00025162075002072015,0.0,1.0,0.6661762865401966,0.16317970637667714,14.670026816535984
0bd0b983194ccd12,"FOXA1,GABPA,ONECUT1",1,seq_142209,1,myopic,1.0,1.0,0.3244693679026482,0.3363541504882204,0.8888518235483184,3.8125,0.00028284374999998363,0.0,1.0,0.6020657661247619,0.20346038580894427,15.351114018743104
0bd0b983194ccd12,"FOXA1,GABPA,ONECUT1",1,seq_142209,1,rollout,1.0,1.0,0.2076290789072136,0.7667458695603272,0.978105020245049,4.5,0.0006602623125360196,0.0,1.0,0.5517348525277121,0.10257858442580993,14.650879121297006
0bd0b983194ccd12,"FOXA1,GABPA,ONECUT1",1,seq_142209,1,learned,1.0,1.0,0.17860149895490862,0.9621710476951083,1.0077193206203994,4.625,0.0027066648749922706,0.0,1.0,0.6475848421886108,0.17732698041582523,15.010742988494183
0bd0b983194ccd12,"FOXA1,GABPA,ONECUT1",1,seq_142209,1,exact,1.0,1.0,0.18422979096110884,1.0,0.9999999999999996,4.75,0.0002544541250273369,0.0,1.0,0.6015625,0.08984375000000001,14.23828125
0bd0b983194ccd12,"FOXA1,GABPA,ONECUT1",1,seq_142209,1,defensive_rollout,1.0,1.0,0.16969247044772306,0.8518795239954863,1.0219353700532505,4.625,0.0006079467500086366,0.0,1.0,0.6276155580104912,0.15373777006744815,14.835924200491089
0c337cfc7084163f,"GABPA,HNF4A,PPARA",1,seq_192135,-1,reference,1.0,1.0,0.10347471163266556,0.4497091694500427,0.9853268429399304,2.0,0.0002594703124714215,0.0,0.0,0.0,0.0,7.84203541004673
0c337cfc7084163f,"GABPA,HNF4A,PPARA",1,seq_192135,-1,myopic,1.0,1.0,0.15774099003308928,0.4533869210320704,0.8688204333201482,2.0,0.0002568839999952388,0.0,0.0,0.0,0.0,8.199481405883793
0c337cfc7084163f,"GABPA,HNF4A,PPARA",1,seq_192135,-1,rollout,1.0,1.0,0.10550789117829441,0.7779802534669145,0.9514446114918592,2.0,0.0004960008750174438,0.0,0.0,0.0,0.0,7.7349505747954606
0c337cfc7084163f,"GABPA,HNF4A,PPARA",1,seq_192135,-1,learned,1.0,1.0,0.09788571194397179,0.8154965746015479,1.0589706446267568,2.0,0.001942082437480508,0.0,0.0,0.0,0.0,8.009029691393089
0c337cfc7084163f,"GABPA,HNF4A,PPARA",1,seq_192135,-1,exact,1.0,1.0,0.07769673651106818,1.0,1.0000000000000002,2.0,0.0004761680000058277,0.0,0.0,0.0,0.0,7.37109375
0c337cfc7084163f,"GABPA,HNF4A,PPARA",1,seq_192135,-1,defensive_rollout,1.0,1.0,0.12457729932648023,0.7642038470729063,1.0078035095834856,2.0,0.0006704931250425261,0.0,0.0,0.0,0.0,8.387171100528608
0c631ee9b77c485f,"ONECUT1,ONECUT1,TFAP2C",1,seq_146113,-1,reference,1.0,1.0,0.19685271339144234,0.6683847905901525,1.0792943332800897,4.875,0.000243661999988376,0.0,1.0,1.0,0.8990300818620129,13.345090132598664
0c631ee9b77c485f,"ONECUT1,ONECUT1,TFAP2C",1,seq_146113,-1,myopic,1.0,1.0,0.2909239602442379,0.38199098021387023,1.3888800477965964,4.125,0.0002996185625079306,0.0,1.0,1.0,0.9301761961989283,13.00044062018625
0c631ee9b77c485f,"ONECUT1,ONECUT1,TFAP2C",1,seq_146113,-1,rollout,1.0,1.0,0.1986736618084574,0.8592308221284353,0.9773664532198871,4.875,0.0005136172500215253,0.0,1.0,1.0,0.8752859012860066,13.7127551227015
0c631ee9b77c485f,"ONECUT1,ONECUT1,TFAP2C",1,seq_146113,-1,learned,1.0,1.0,0.21068947429320445,0.936868045513044,1.016173316175953,4.5,0.002050336875001335,0.0,1.0,1.0,0.9092949123790737,13.158867165191609
0c631ee9b77c485f,"ONECUT1,ONECUT1,TFAP2C",1,seq_146113,-1,exact,1.0,1.0,0.22086281189072793,0.9999999999999998,1.0,4.4375,0.00029769750001662487,0.0,1.0,1.0,0.91015625,13.0
0c631ee9b77c485f,"ONECUT1,ONECUT1,TFAP2C",1,seq_146113,-1,defensive_rollout,1.0,1.0,0.2162301339201434,0.8601710674489799,0.9994317144220434,4.5625,0.0005317934375170807,0.0,1.0,1.0,0.9260713525319995,13.203519750655305
0d0014cbfd5b004e,"GABPA,RXRA,YY1",2,seq_157472,-1,reference,1.0,1.0,0.13847155721344864,0.3768111205058837,0.9352955482356923,1.9375,0.0003088891250229153,0.0,0.7693422040061614,0.7693422040061614,0.0,11.383946775963032
0d0014cbfd5b004e,"GABPA,RXRA,YY1",2,seq_157472,-1,myopic,1.0,1.0,0.15151133301945388,0.35769042563711567,0.8111038902513099,2.0,0.00029773250001596807,0.0,0.7966264355677111,0.7966264355677111,0.0,11.220241386593734
0d0014cbfd5b004e,"GABPA,RXRA,YY1",2,seq_157472,-1,rollout,1.0,1.0,0.09232453335345273,0.7325588266769679,0.8826237206014615,2.0,0.0004949096249902141,0.0,0.7528007351276376,0.7528007351276376,0.0,11.483195589234173
0d0014cbfd5b004e,"GABPA,RXRA,YY1",2,seq_157472,-1,learned,1.0,1.0,0.08998487672444146,0.9121092914013469,0.9985576490251311,2.0,0.00201269312499619,0.0,0.7522796306348014,0.7522796306348014,0.0,11.48632221619119
0d0014cbfd5b004e,"GABPA,RXRA,YY1",2,seq_157472,-1,exact,1.0,1.0,0.09454370127369081,1.0,1.0000000000000002,2.0,0.000262755187478092,0.0,0.71484375,0.71484375,0.0,11.7109375
0d0014cbfd5b004e,"GABPA,RXRA,YY1",2,seq_157472,-1,defensive_rollout,1.0,1.0,0.10202781855844473,0.7287905017937095,1.004053845958235,2.0,0.0004929629374572642,0.0,0.6829707596035668,0.6829707596035668,0.0,11.9021754423786
0d660b6fc09b5848,"CEBPA,HNF1A,HNF1A",1,seq_130395,-1,reference,1.0,1.0,0.1899855296879262,0.6533462475494141,0.9836152037887302,3.9375,0.0002474658125066753,0.0,0.15122361194366402,0.15122361194366402,0.15122361194366402,13.855857030925538
0d660b6fc09b5848,"CEBPA,HNF1A,HNF1A",1,seq_130395,-1,myopic,1.0,1.0,0.22997030819180764,0.44280325104591833,0.9205657058624812,2.875,0.0002459346249850114,0.0,0.07777254377655891,0.07777254377655891,0.07777254377655891,11.872140366241382
0d660b6fc09b5848,"CEBPA,HNF1A,HNF1A",1,seq_130395,-1,rollout,1.0,1.0,0.18588145274461787,0.7990591961992995,0.9344889619787837,3.9375,0.0005003256874971385,0.0,0.159624622556163,0.159624622556163,0.159624622556163,13.358947522553011
0d660b6fc09b5848,"CEBPA,HNF1A,HNF1A",1,seq_130395,-1,learned,1.0,1.0,0.13906207741716164,0.9019573857139407,0.9804019947293927,3.9375,0.001950226375015518,0.0,0.13376949410269492,0.13376949410269492,0.13376949410269492,12.842850817208774
0d660b6fc09b5848,"CEBPA,HNF1A,HNF1A",1,seq_130395,-1,exact,1.0,1.0,0.14780055035720985,1.0,0.9999999999999997,3.75,0.00026924106251158264,0.0,0.1015625,0.1015625,0.1015625,12.9140625
0d660b6fc09b5848,"CEBPA,HNF1A,HNF1A",1,seq_130395,-1,defensive_rollout,1.0,1.0,0.1251397908932352,0.8284586943869927,1.0452742505759605,3.875,0.0005037524374813529,0.0,0.09853667380465773,0.09853667380465773,0.09853667380465773,12.515626365254128
0e608179704323a8,"AP1,RXRA,YY1",1,seq_133699,-1,reference,1.0,1.0,3.122502256758253e-17,0.31005143964996773,0.9925827520475095,1.0,0.00025973200001772057,0.0,1.0,1.0,1.0,9.0
0e608179704323a8,"AP1,RXRA,YY1",1,seq_133699,-1,myopic,1.0,1.0,6.938893903907228e-17,0.3860213281822234,1.1099769886004185,1.0,0.00025348212500375666,0.0,1.0,1.0,1.0,9.0
0e608179704323a8,"AP1,RXRA,YY1",1,seq_133699,-1,rollout,1.0,1.0,6.938893903907228e-17,0.721141267143131,0.6352247033286944,1.0,0.000530419687507333,0.0,1.0,1.0,1.0,9.0
0e608179704323a8,"AP1,RXRA,YY1",1,seq_133699,-1,learned,1.0,1.0,3.469446951953614e-17,0.8244515437398744,1.0416458079221722,1.0,0.0018773422499975823,0.0,1.0,1.0,1.0,9.0
0e608179704323a8,"AP1,RXRA,YY1",1,seq_133699,-1,exact,1.0,1.0,0.0,1.0,0.9999999999999998,1.0,0.00027974162496491317,0.0,1.0,1.0,1.0,9.0
0e608179704323a8,"AP1,RXRA,YY1",1,seq_133699,-1,defensive_rollout,1.0,1.0,4.163336342344337e-17,0.6350116247724702,0.9982113699109604,1.0,0.0005222955625328041,0.0,1.0,1.0,1.0,9.0
0efc719cc2e8890a,"FOXA1,HNF4A,REST",2,seq_180424,-1,reference,1.0,1.0,0.1614206483843105,0.47307730299263934,1.0308002138915693,3.0,0.00025848831249675186,0.0,0.0,0.0,0.0,14.916064053791871
0efc719cc2e8890a,"FOXA1,HNF4A,REST",2,seq_180424,-1,myopic,1.0,1.0,0.2104252460541648,0.26238351293601714,1.0518137568100798,2.5,0.0002437764375002871,0.0,0.0,0.0,0.0,13.570369539295973
0efc719cc2e8890a,"FOXA1,HNF4A,REST",2,seq_180424,-1,rollout,1.0,1.0,0.15410935119823346,0.7695588080410025,1.0219335869869997,3.0,0.0004935368749983127,0.0,0.0,0.0,0.0,13.914306662169242
0efc719cc2e8890a,"FOXA1,HNF4A,REST",2,seq_180424,-1,learned,1.0,1.0,0.11528214401999967,0.8968074325434543,1.0088489299052241,3.0,0.0018226536874976773,0.0,0.0,0.0,0.0,14.928592893033306
0efc719cc2e8890a,"FOXA1,HNF4A,REST",2,seq_180424,-1,exact,1.0,1.0,0.12955337549998608,0.9999999999999998,0.9999999999999998,2.9375,0.0002540768125101067,0.0,0.0,0.0,0.0,14.24609375
0efc719cc2e8890a,"FOXA1,HNF4A,REST",2,seq_180424,-1,defensive_rollout,1.0,1.0,0.12067904092369806,0.7511255335463374,0.9633426061415057,3.0,0.0004894144374816278,0.0,0.0,0.0,0.0,14.160299702024943
0fc0b4bd97bc25c8,"HNF4A,RXRA,XBP1",2,seq_158632,-1,reference,1.0,1.0,0.18293481604612077,0.669413628018998,0.9888560060458402,3.9375,0.0002660625000174832,0.0,1.0,1.0,0.17388208081610496,10.854880476104848
0fc0b4bd97bc25c8,"HNF4A,RXRA,XBP1",2,seq_158632,-1,myopic,1.0,1.0,0.27530449799457846,0.5651242549355401,0.9324777364983502,3.5,0.00024989750001225275,0.0,1.0,1.0,0.1034333863163678,10.208326075858755
0fc0b4bd97bc25c8,"HNF4A,RXRA,XBP1",2,seq_158632,-1,rollout,1.0,1.0,0.20091492740498088,0.8084700239333192,0.98083128288766,3.75,0.0005030786250159736,0.0,1.0,1.0,0.18101624110546352,10.95998423096405
0fc0b4bd97bc25c8,"HNF4A,RXRA,XBP1",2,seq_158632,-1,learned,1.0,1.0,0.18040112509524706,0.9605621470773147,0.9887195814333432,3.875,0.0017494021249717662,0.0,1.0,1.0,0.1786544816555064,10.777075683327107
0fc0b4bd97bc25c8,"HNF4A,RXRA,XBP1",2,seq_158632,-1,exact,1.0,1.0,0.14963916035736496,1.0,1.0,3.75,0.00025342874998557363,0.0,1.0,1.0,0.13671875,10.43359375
0fc0b4bd97bc25c8,"HNF4A,RXRA,XBP1",2,seq_158632,-1,defensive_rollout,1.0,1.0,0.18965877100748163,0.8585874864070773,0.975236322958432,3.875,0.0004930705625127985,0.0,1.0,1.0,0.1780328864170661,10.99960201851182
0fcee1496ec97942,"AHR,GABPA,HNF4A",2,seq_190376,1,reference,1.0,1.0,0.15566528500740284,0.4419206986396696,0.9961001856901023,2.875,0.0003155791249724871,0.0,0.0,0.717175961375518,0.0,11.487919356294341
0fcee1496ec97942,"AHR,GABPA,HNF4A",2,seq_190376,1,myopic,1.0,1.0,0.21054071291726928,0.3264991593698212,0.9288515474750985,2.375,0.0003403731250131159,0.0,0.0,0.663395020967517,0.0,11.43508166749708
0fcee1496ec97942,"AHR,GABPA,HNF4A",2,seq_190376,1,rollout,1.0,1.0,0.11292022458572333,0.7464734204246093,0.9135775179691203,2.4375,0.0006479493124942337,0.0,0.0,0.7596362583135241,0.0,10.916444003093343
0fcee1496ec97942,"AHR,GABPA,HNF4A",2,seq_190376,1,learned,1.0,1.0,0.09333663568650263,0.9445929718387984,0.9362901704385785,2.5,0.004075401562474212,0.0,0.0,0.7078545282173728,0.0,11.113557178263292
0fcee1496ec97942,"AHR,GABPA,HNF4A",2,seq_190376,1,exact,1.0,1.0,0.174133048802596,1.0,1.0,2.75,0.00048703787501835905,0.0,0.0,0.59375,0.0,12.1484375
0fcee1496ec97942,"AHR,GABPA,HNF4A",2,seq_190376,1,defensive_rollout,1.0,1.0,0.13374340649394312,0.7729722981349821,1.0241583967421635,2.75,0.0008986526875105483,0.0,0.0,0.7397602364599121,0.0,10.889024242064881
10c4bae1a3c92290,"FOXA1,GABPA,TFAP2C",1,seq_126663,1,reference,1.0,1.0,0.1496234086184317,0.42361732905355404,1.0199635189436642,2.0,0.00031280781249165557,0.0,0.0,0.0,0.0,7.295184935888506
10c4bae1a3c92290,"FOXA1,GABPA,TFAP2C",1,seq_126663,1,myopic,1.0,1.0,0.13374878545158392,0.45432035325810116,0.8812046760719321,2.0,0.0002646880624865844,0.0,0.0,0.0,0.0,7.241447366771509
10c4bae1a3c92290,"FOXA1,GABPA,TFAP2C",1,seq_126663,1,rollout,1.0,1.0,0.08441595125471188,0.7605662518966902,0.9424452315366141,2.0,0.0005566854374734476,0.0,0.0,0.0,0.0,7.293987397910811
10c4bae1a3c92290,"FOXA1,GABPA,TFAP2C",1,seq_126663,1,learned,1.0,1.0,0.13761402368719539,0.9457099452103954,1.0464995452925576,2.0,0.0022474714999702883,0.0,0.0,0.0,0.0,7.334652642120917
10c4bae1a3c92290,"FOXA1,GABPA,TFAP2C",1,seq_126663,1,exact,1.0,1.0,0.08984375000000001,1.0,1.0,2.0,0.0002620079999644531,0.0,0.0,0.0,0.0,7.359375
10c4bae1a3c92290,"FOXA1,GABPA,TFAP2C",1,seq_126663,1,defensive_rollout,1.0,1.0,0.10298606896594002,0.7857604877028918,0.9850458841112097,2.0,0.0005550198750228219,0.0,0.0,0.0,0.0,7.456939518007056
115d71e5de9a5ac4,"HNF4A,SP1,YY1",1,seq_133137,1,reference,1.0,1.0,0.1420587618945019,0.4781504236305043,0.9567518954031349,2.9375,0.0002501498749580833,0.0,1.0,1.0,0.8131411847161089,11.37071650926729
115d71e5de9a5ac4,"HNF4A,SP1,YY1",1,seq_133137,1,myopic,1.0,1.0,0.2505381703384061,0.3734684595652441,1.1101713203127568,2.5625,0.0002640896875192311,0.0,1.0,1.0,0.8615281605468685,10.799845147306259
115d71e5de9a5ac4,"HNF4A,SP1,YY1",1,seq_133137,1,rollout,1.0,1.0,0.14631675547062734,0.7847190177318091,0.9689137374014,3.0,0.0005374381874929668,0.0,0.9999999999999999,0.9999999999999999,0.854768096020685,10.964521410077703
115d71e5de9a5ac4,"HNF4A,SP1,YY1",1,seq_133137,1,learned,1.0,1.0,0.11239960512509437,0.9551772221345849,0.9875801283861363,3.0,0.0021933939374605416,0.0,1.0,1.0,0.7918593115162262,11.206895104713809
115d71e5de9a5ac4,"HNF4A,SP1,YY1",1,seq_133137,1,exact,1.0,1.0,0.1019917397173124,1.0,0.9999999999999996,3.0,0.00026392381249706887,0.0,1.0,1.0,0.83203125,10.95703125
115d71e5de9a5ac4,"HNF4A,SP1,YY1",1,seq_133137,1,defensive_rollout,1.0,1.0,0.15006041953509366,0.7802350624880999,0.975550417044448,3.0,0.0005486996874850547,0.0,1.0,1.0,0.8577016644176899,10.8362607319184
1186c4421dc0d9d4,"CTCF,RXRA,YY1",1,seq_161073,1,reference,1.0,1.0,0.18347545535091808,0.4964638032543753,1.072419926738392,3.75,0.0002428030625054589,0.0,0.6598885454029946,0.2153995108630647,0.0,12.821643495605699
1186c4421dc0d9d4,"CTCF,RXRA,YY1",1,seq_161073,1,myopic,1.0,1.0,0.2370086466271496,0.3492880243630815,1.0887849561006118,3.375,0.0002451553124842576,0.0,0.6614546501265617,0.19275278337101454,0.0,12.91240906517963
1186c4421dc0d9d4,"CTCF,RXRA,YY1",1,seq_161073,1,rollout,1.0,1.0,0.15187823480102908,0.7598397949765359,0.9414025220392991,3.75,0.0005309836874971552,0.0,0.5970097795402086,0.25325906418908983,0.0,13.057851462281374
1186c4421dc0d9d4,"CTCF,RXRA,YY1",1,seq_161073,1,learned,1.0,1.0,0.14151923654832627,0.9158645947144013,0.9803942412508331,3.625,0.0021877836874892864,0.0,0.7243260839889405,0.19358638846162254,0.0,12.389588239295314
1186c4421dc0d9d4,"CTCF,RXRA,YY1",1,seq_161073,1,exact,1.0,1.0,0.13613567462084522,1.0,1.0000000000000004,3.5,0.0002657315000220706,0.0,0.703125,0.1953125,0.0,12.6328125
1186c4421dc0d9d4,"CTCF,RXRA,YY1",1,seq_161073,1,defensive_rollout,1.0,1.0,0.1639864217880789,0.8021190282355324,0.9705692618879201,3.625,0.0005086128124531797,0.0,0.6500500416229662,0.21458593939602016,0.0,12.709780855080488
11fb09623bc8d017,"CTCF,NR2F2,XBP1",2,seq_168644,1,reference,1.0,1.0,0.11113478283266723,0.43345618113654005,0.9916314126803764,2.0,0.00030758593750590535,0.0,1.0,0.0,0.0,10.686836314652453
11fb09623bc8d017,"CTCF,NR2F2,XBP1",2,seq_168644,1,myopic,1.0,1.0,0.17911113881760937,0.39587172660556474,1.1594370214557892,1.875,0.0002913332499900889,0.0,1.0,0.0,0.0,11.556289606499195
11fb09623bc8d017,"CTCF,NR2F2,XBP1",2,seq_168644,1,rollout,1.0,1.0,0.10408055810195513,0.7319186024756532,0.9084186567341876,2.0,0.0005204011250299345,0.0,1.0,0.0,0.0,11.903071323136512
11fb09623bc8d017,"CTCF,NR2F2,XBP1",2,seq_168644,1,learned,1.0,1.0,0.05764962097857572,0.9105419439928932,0.9653309511405197,2.0,0.002290237250008431,0.0,1.0,0.0,0.0,10.996794360554324
11fb09623bc8d017,"CTCF,NR2F2,XBP1",2,seq_168644,1,exact,1.0,1.0,0.0751936614085979,1.0,1.0000000000000004,2.0,0.00028132018746873655,0.0,1.0,0.0,0.0,10.5234375
11fb09623bc8d017,"CTCF,NR2F2,XBP1",2,seq_168644,1,defensive_rollout,1.0,1.0,0.10359122154839678,0.732311730602045,1.0067954052165944,2.0,0.0005022428125300848,0.0,1.0,0.0,0.0,11.440339856259019
128ea812cc5c687d,"CEBPA,GABPA,GABPA",1,seq_192337,-1,reference,1.0,1.0,0.1940262206437329,0.7545340668489877,1.0467942384536395,4.0,0.0002542665000078159,0.0,0.5826347560022862,0.34413209872028966,0.0,8.14652391553797
128ea812cc5c687d,"CEBPA,GABPA,GABPA",1,seq_192337,-1,myopic,1.0,1.0,0.21859434621447627,0.6737541562737607,1.0281841651341184,3.5625,0.0002714650624824344,0.0,0.6319039111095903,0.46768943022386344,0.0,7.477930327971541
128ea812cc5c687d,"CEBPA,GABPA,GABPA",1,seq_192337,-1,rollout,1.0,1.0,0.2073900841026326,0.7222210296757727,1.0086096677182885,3.875,0.000516727937451833,0.0,0.6541363571579355,0.41716410298547085,0.0,8.13275028755218
128ea812cc5c687d,"CEBPA,GABPA,GABPA",1,seq_192337,-1,learned,1.0,1.0,0.15586763321116354,0.9284023469303002,0.9965295777178761,3.875,0.0022361785625122366,0.0,0.5489482637287325,0.38685846260170886,0.0,7.4588082101432125
128ea812cc5c687d,"CEBPA,GABPA,GABPA",1,seq_192337,-1,exact,1.0,1.0,0.1616262521034023,1.0,1.0,4.0,0.0004862082499812459,0.0,0.58984375,0.3828125,0.0,7.86328125
128ea812cc5c687d,"CEBPA,GABPA,GABPA",1,seq_192337,-1,defensive_rollout,1.0,1.0,0.16531157199028565,0.8682552586236703,1.0310203191295915,4.0,0.0009076693124825397,0.0,0.5686640200007065,0.3529645430686199,0.0,7.941295292388778
130d7bd45651209f,"CEBPA,CTCF,SP1",2,seq_198668,-1,reference,1.0,1.0,0.16253785738721455,0.4537598336791303,1.0286200560803942,2.0,0.00043917075001331796,0.0,0.0,0.0,0.0,17.462024982840674
130d7bd45651209f,"CEBPA,CTCF,SP1",2,seq_198668,-1,myopic,1.0,1.0,0.23634690508422135,0.2148322361868579,1.0552701909195563,2.0,0.00046811987496653273,0.0,0.0,0.0,0.0,17.47047442082524
130d7bd45651209f,"CEBPA,CTCF,SP1",2,seq_198668,-1,rollout,1.0,1.0,0.1344139912289895,0.6884680386821769,0.8091846469683899,2.0,0.0006360181250073538,0.0,0.0,0.0,0.0,17.454688961057435
130d7bd45651209f,"CEBPA,CTCF,SP1",2,seq_198668,-1,learned,1.0,1.0,0.1383607480472797,0.6923635468815537,0.9848500383303307,2.0,0.002260508187490018,0.0,0.0,0.0,0.0,17.497787505587773
130d7bd45651209f,"CEBPA,CTCF,SP1",2,seq_198668,-1,exact,1.0,1.0,0.11707790640220496,1.0,1.0000000000000002,2.0,0.00027158381254821506,0.0,0.0,0.0,0.0,17.49609375
130d7bd45651209f,"CEBPA,CTCF,SP1",2,seq_198668,-1,defensive_rollout,1.0,1.0,0.1060835690346072,0.6515460921892101,1.0895581956592024,2.0,0.0005027899374994149,0.0,0.0,0.0,0.0,17.52320015997688
14f23345986e0e39,"FOXA1,FOXA1,NR2F2",1,seq_122533,-1,reference,1.0,1.0,0.20799436041581043,0.8626963605177222,1.0133368451640878,6.3125,0.0003415926249772383,0.0,0.3055910456182878,0.22376711617816147,0.22376711617816147,13.932852391110707
14f23345986e0e39,"FOXA1,FOXA1,NR2F2",1,seq_122533,-1,myopic,1.0,1.0,0.2988932050429371,0.47320783819860857,1.0616560680381568,4.6875,0.00029010125001605047,0.0,0.30213486218824603,0.21666550579578392,0.21666550579578392,13.887579919884885
14f23345986e0e39,"FOXA1,FOXA1,NR2F2",1,seq_122533,-1,rollout,1.0,1.0,0.21647267713122476,0.8859998638759776,1.0075897026769762,6.0,0.0009653505625664138,0.0,0.30531783844159,0.22295647734406557,0.22295647734406557,14.1024041115229
14f23345986e0e39,"FOXA1,FOXA1,NR2F2",1,seq_122533,-1,learned,1.0,1.0,0.203993605456196,0.9726022309365231,1.0085265741303164,6.25,0.0032501516249965334,0.0,0.3485286669685528,0.2646229902939454,0.2646229902939454,14.604974642337947
14f23345986e0e39,"FOXA1,FOXA1,NR2F2",1,seq_122533,-1,exact,1.0,1.0,0.17984345242849237,0.9999999999999999,0.9999999999999999,6.125,0.00029911725000886236,0.0,0.328125,0.24609375,0.24609375,14.5390625
14f23345986e0e39,"FOXA1,FOXA1,NR2F2",1,seq_122533,-1,defensive_rollout,1.0,1.0,0.20917624970860593,0.9361037409972643,0.9954877848275411,6.25,0.0006080826250212112,0.0,0.3542918043001131,0.30908254885955405,0.30908254885955405,14.786790926810713
15197af6277fbdc3,"CTCF,HNF4A,ONECUT1",2,seq_143928,1,reference,1.0,1.0,3.469446951953614e-17,0.27896025725857027,1.1512163410660405,1.0,0.0004391325000199231,0.0,1.0,1.0,0.0,18.0
15197af6277fbdc3,"CTCF,HNF4A,ONECUT1",2,seq_143928,1,myopic,1.0,1.0,2.7755575615628914e-17,0.18727640055976352,1.238152169567381,1.0,0.0002591640000133566,0.0,1.0,1.0,0.0,18.0
15197af6277fbdc3,"CTCF,HNF4A,ONECUT1",2,seq_143928,1,rollout,1.0,1.0,4.163336342344337e-17,0.7623773212939449,0.48609140057524736,1.0,0.0007409672499960607,0.0,1.0,1.0,0.0,18.0
15197af6277fbdc3,"CTCF,HNF4A,ONECUT1",2,seq_143928,1,learned,1.0,1.0,5.204170427930421e-17,0.7702313293184297,1.111768396483658,1.0,0.0025628413125389216,0.0,1.0,1.0,0.0,18.0
15197af6277fbdc3,"CTCF,HNF4A,ONECUT1",2,seq_143928,1,exact,1.0,1.0,0.0,1.0,1.0000000000000002,1.0,0.0003298444999870753,0.0,1.0,1.0,0.0,18.0
15197af6277fbdc3,"CTCF,HNF4A,ONECUT1",2,seq_143928,1,defensive_rollout,1.0,1.0,2.42861286636753e-17,0.4371315024472191,1.0360860445173339,1.0,0.000597316750003074,0.0,1.0,1.0,0.0,18.0
15a43f6a72b89a77,"AP1,AP1,XBP1",1,seq_204719,1,reference,1.0,1.0,0.14034573385633775,0.35689423609730314,0.9186224317379024,2.0,0.00029083931254092477,0.0,0.0,0.0,0.0,13.334315258063457
15a43f6a72b89a77,"AP1,AP1,XBP1",1,seq_204719,1,myopic,1.0,1.0,0.17637099486045965,0.33185390769426437,0.9080607474667169,1.9375,0.00029727131250467664,0.0,0.0,0.0,0.0,13.287663432556478
15a43f6a72b89a77,"AP1,AP1,XBP1",1,seq_204719,1,rollout,1.0,1.0,0.12268411944844906,0.7348915840359234,0.8408999410440584,2.0,0.0005988314999996192,0.0,0.0,0.0,0.0,13.355121877078147
15a43f6a72b89a77,"AP1,AP1,XBP1",1,seq_204719,1,learned,1.0,1.0,0.07601355588507638,0.9404101402020519,0.99123663499158,2.0,0.002332337687448671,0.0,0.0,0.0,0.0,13.36665232581872
15a43f6a72b89a77,"AP1,AP1,XBP1",1,seq_204719,1,exact,1.0,1.0,0.09876741005755016,1.0,0.9999999999999998,2.0,0.00025555387503573,0.0,0.0,0.0,0.0,13.3515625
15a43f6a72b89a77,"AP1,AP1,XBP1",1,seq_204719,1,defensive_rollout,1.0,1.0,0.09181992961492055,0.7116910994829212,0.95144932433906,2.0,0.0004953540625365349,0.0,0.0,0.0,0.0,13.395008240340983
1617da8c626f3de4,"CTCF,GABPA,HNF4A",1,seq_156357,1,reference,1.0,1.0,0.20426468499332484,0.4713932820366709,0.9315807096689848,3.75,0.00048614768751065185,0.0,0.9165886520967385,0.9165886520967385,0.7536706694207187,13.059199337802248
1617da8c626f3de4,"CTCF,GABPA,HNF4A",1,seq_156357,1,myopic,1.0,1.0,0.3112924259864298,0.3209821700953584,1.0217070627730127,3.25,0.0004612622499990948,0.0,0.9718953497239531,0.9718953497239531,0.6416800352156675,13.329628148981403
1617da8c626f3de4,"CTCF,GABPA,HNF4A",1,seq_156357,1,rollout,1.0,1.0,0.1758317528345098,0.8242124878897856,0.9880771827696416,3.9375,0.000900834375002546,0.0,0.9215069783981914,0.9215069783981914,0.7227852368863464,13.340431432436572
1617da8c626f3de4,"CTCF,GABPA,HNF4A",1,seq_156357,1,learned,1.0,1.0,0.15272157873434417,0.9675504438505751,1.001138713140138,3.625,0.0036280745624850397,0.0,0.9582295883410565,0.9582295883410565,0.7975783150907985,12.5704444605018
1617da8c626f3de4,"CTCF,GABPA,HNF4A",1,seq_156357,1,exact,1.0,1.0,0.1351582692468699,0.9999999999999999,1.0,3.75,0.0005031942500153264,0.0,0.94921875,0.94921875,0.796875,12.4921875
1617da8c626f3de4,"CTCF,GABPA,HNF4A",1,seq_156357,1,defensive_rollout,1.0,1.0,0.15515421303908206,0.8482194373250744,0.9980492130747656,3.8125,0.00054733581245614,0.0,0.9554882752626697,0.9554882752626697,0.8013094090527964,12.165828286135682
1641ec23771402a6,"AP1,HNF1A,REST",1,seq_177145,1,reference,1.0,1.0,0.09000867382796293,0.3879326701593332,1.0988191207229037,2.875,0.0002384086250231121,0.0,1.0,0.16369888720584047,0.047016569401610454,17.829897651900897
1641ec23771402a6,"AP1,HNF1A,REST",1,seq_177145,1,myopic,1.0,1.0,0.18947886524489246,0.24444439171369392,1.3105456327770284,2.0,0.0002461801874460434,0.0,1.0,0.18161407083077535,0.026228233821823092,18.113667437945004
1641ec23771402a6,"AP1,HNF1A,REST",1,seq_177145,1,rollout,1.0,1.0,0.14040417775254765,0.6977381529560258,0.8612612547824208,2.6875,0.0004859610625089772,0.0,1.0,0.20173507683442995,0.056925392142314235,18.486421698327625
1641ec23771402a6,"AP1,HNF1A,REST",1,seq_177145,1,learned,1.0,1.0,0.10318399449197754,0.823129746929326,0.990715055960271,2.75,0.002183507312466304,0.0,1.0,0.1814243031350508,0.07634387081414594,18.16055702411001
1641ec23771402a6,"AP1,HNF1A,REST",1,seq_177145,1,exact,1.0,1.0,0.0725493825403268,1.0,1.0000000000000004,2.8125,0.00026356006252115094,0.0,1.0,0.14453125,0.0625,17.51953125
1641ec23771402a6,"AP1,HNF1A,REST",1,seq_177145,1,defensive_rollout,1.0,1.0,0.11080193347029495,0.6372850607374101,0.9575822853974383,2.625,0.0005134231249996901,0.0,1.0,0.12817636084129092,0.03850683799041472,17.21750497229236
168f5fa65e4874f8,"AP1,AP1,PPARA",1,seq_185117,-1,reference,1.0,1.0,0.30221426320770384,0.46962472717329895,0.9642457022650863,3.9375,0.0002979484374918684,0.0,1.0,1.0,1.0,11.93944335624877
168f5fa65e4874f8,"AP1,AP1,PPARA",1,seq_185117,-1,myopic,1.0,1.0,0.32356138517856614,0.3036665166896412,0.813074793904602,3.375,0.0004008377499786775,0.0,1.0,1.0,1.0,11.59729181165126
168f5fa65e4874f8,"AP1,AP1,PPARA",1,seq_185117,-1,rollout,1.0,1.0,0.1836496114154726,0.7693999123196853,0.896346762516125,4.0,0.0006968892500083257,0.0,1.0,1.0,1.0,11.793190810465351
168f5fa65e4874f8,"AP1,AP1,PPARA",1,seq_185117,-1,learned,1.0,1.0,0.18852561081499836,0.9198196019971343,1.0052540848689757,4.0,0.0020345124375182877,0.0,1.0,1.0,1.0,11.806939933093483
168f5fa65e4874f8,"AP1,AP1,PPARA",1,seq_185117,-1,exact,1.0,1.0,0.19140625,1.0,0.9999999999999997,3.9375,0.00032676618748439523,0.0,1.0,1.0,1.0,11.71875
168f5fa65e4874f8,"AP1,AP1,PPARA",1,seq_185117,-1,defensive_rollout,1.0,1.0,0.1774887118780495,0.8179790003939906,0.978106438533493,3.9375,0.0005086698124898703,0.0,1.0,1.0,1.0,11.701117287259795
170ad93c4b76a5fc,"CEBPA,CTCF,SP1",1,seq_137629,-1,reference,1.0,1.0,0.21442468422928762,0.6754608407165554,0.9296524949651465,4.6875,0.0002562512500219327,0.0,1.0,0.6912244591791217,0.6912244591791217,10.925622599100926
170ad93c4b76a5fc,"CEBPA,CTCF,SP1",1,seq_137629,-1,myopic,1.0,1.0,0.23875080041863933,0.5472769050812345,0.9229692135710299,4.1875,0.0002542983749975747,0.0,1.0,0.648452972326802,0.648452972326802,10.627501427670692
170ad93c4b76a5fc,"CEBPA,CTCF,SP1",1,seq_137629,-1,rollout,1.0,1.0,0.20942641593279424,0.8633199531400795,1.0134156959715894,4.5625,0.000524233375031713,0.0,1.0,0.6722610395523921,0.6722610395523921,10.756159780880392
170ad93c4b76a5fc,"CEBPA,CTCF,SP1",1,seq_137629,-1,learned,1.0,1.0,0.15965896715599687,0.9316178028634066,1.0019377623732146,4.5625,0.0018246343749837024,0.0,1.0,0.681603059227416,0.681603059227416,11.28129965894032
170ad93c4b76a5fc,"CEBPA,CTCF,SP1",1,seq_137629,-1,exact,1.0,1.0,0.19092886519767033,1.0,0.9999999999999996,4.375,0.0002567097500048021,0.0,1.0,0.63671875,0.63671875,10.859375
170ad93c4b76a5fc,"CEBPA,CTCF,SP1",1,seq_137629,-1,defensive_rollout,1.0,1.0,0.20041140140389846,0.8944627761267697,1.007983162095098,4.4375,0.0004911587499947245,0.0,1.0,0.6524758642122657,0.6524758642122657,11.127523159483399
174d915bc80be07a,"AP1,PPARA,TFAP2C",2,seq_150626,-1,reference,1.0,1.0,3.8163916471489756e-17,0.2432023886364261,0.8521924741738981,1.0,0.00023861762498711414,0.0,1.0,1.0,0.0,5.0
174d915bc80be07a,"AP1,PPARA,TFAP2C",2,seq_150626,-1,myopic,1.0,1.0,3.8163916471489756e-17,0.33830048479491726,1.0085318094809828,1.0,0.00024268918754444258,0.0,1.0,1.0,0.0,5.0
174d915bc80be07a,"AP1,PPARA,TFAP2C",2,seq_150626,-1,rollout,1.0,1.0,4.163336342344337e-17,0.7084012021188444,0.4567938826807386,1.0,0.0013620720625056038,0.0,1.0,1.0,0.0,5.0
174d915bc80be07a,"AP1,PPARA,TFAP2C",2,seq_150626,-1,learned,1.0,1.0,3.8163916471489756e-17,0.765042166389681,0.9370681141125768,1.0,0.00176420225000129,0.0,1.0,1.0,0.0,5.0
174d915bc80be07a,"AP1,PPARA,TFAP2C",2,seq_150626,-1,exact,1.0,1.0,1.0408340855860843e-17,0.9999999999999998,0.9999999999999996,1.0,0.00032170875002179855,0.0,1.0,1.0,0.0,5.0
174d915bc80be07a,"AP1,PPARA,TFAP2C",2,seq_150626,-1,defensive_rollout,1.0,1.0,3.8163916471489756e-17,0.6242355323650393,0.9261497403702916,1.0,0.0005470564999967564,0.0,1.0,1.0,0.0,5.0
17516d517bbe79f1,"GABPA,HNF4A,REST",1,seq_182623,1,reference,1.0,1.0,0.17053732410898903,0.40473547944248456,0.9683463417828394,2.0,0.00025276218744352263,0.0,1.0,0.800429059985397,0.800429059985397,10.197425640087616
17516d517bbe79f1,"GABPA,HNF4A,REST",1,seq_182623,1,myopic,1.0,1.0,0.18349012575721424,0.3437663428864641,0.8505268458517445,2.0,0.00025399981248597214,0.0,1.0,0.8494856328278851,0.8494856328278851,9.903086203032688
17516d517bbe79f1,"GABPA,HNF4A,REST",1,seq_182623,1,rollout,1.0,1.0,0.09199889302958247,0.7057516207011993,0.9145907320442666,2.0,0.0005613647500126717,0.0,1.0,0.6896657580491131,0.6896657580491131,10.862005451705322
17516d517bbe79f1,"GABPA,HNF4A,REST",1,seq_182623,1,learned,1.0,1.0,0.08840834817558973,0.9587753619538164,0.9652102767587933,2.0,0.002119313999983774,0.0,1.0,0.6711442452443319,0.6711442452443319,10.97313452853401
17516d517bbe79f1,"GABPA,HNF4A,REST",1,seq_182623,1,exact,1.0,1.0,0.14453125,1.0,0.9999999999999999,2.0,0.0003267124999979387,0.0,1.0,0.75390625,0.75390625,10.4765625
17516d517bbe79f1,"GABPA,HNF4A,REST",1,seq_182623,1,defensive_rollout,1.0,1.0,0.08261647412113134,0.7112182876468636,1.0341810401957736,2.0,0.0005524740625020286,0.0,1.0,0.6559980524867791,0.6559980524867791,11.064011685079326
17de0640fb379ab9,"AHR,AP1,SP1",1,seq_139837,-1,reference,1.0,1.0,0.0963493015085366,0.421579638505937,0.9951037414272568,1.9375,0.00036859131252242605,0.0,0.1627163764508966,0.1627163764508966,0.0,3.115312893861656
17de0640fb379ab9,"AHR,AP1,SP1",1,seq_139837,-1,myopic,1.0,1.0,0.10337756997119604,0.6182990622178208,0.9572068245399965,1.75,0.0003016834375415556,0.0,0.12065099364845192,0.12065099364845192,0.0,2.5684629174298745
17de0640fb379ab9,"AHR,AP1,SP1",1,seq_139837,-1,rollout,1.0,1.0,0.1074631543475616,0.7683719970286373,0.8504911259561272,1.9375,0.0006583005625060423,0.0,0.13329400514162926,0.13329400514162926,0.0,2.7328220668411802
17de0640fb379ab9,"AHR,AP1,SP1",1,seq_139837,-1,learned,1.0,1.0,0.0674215065213718,0.841477256319261,1.033782831785294,2.0,0.0023235853125100903,0.0,0.12128104737033635,0.12128104737033635,0.0,2.5766536158143722
17de0640fb379ab9,"AHR,AP1,SP1",1,seq_139837,-1,exact,1.0,1.0,0.0949836016403376,0.9999999999999999,1.0,1.875,0.0003317555000279526,0.0,0.125,0.125,0.0,2.625
17de0640fb379ab9,"AHR,AP1,SP1",1,seq_139837,-1,defensive_rollout,1.0,1.0,0.08719314557444785,0.7506440156752919,0.9858521620146569,1.9375,0.0005041216874843713,0.0,0.12152491072056965,0.12152491072056965,0.0,2.5798238393674056
17f5ab7fd438b645,"CEBPA,FOXA1,RXRA",2,seq_124368,1,reference,1.0,1.0,1.734723475976807e-17,0.24990410725762746,1.0672537446304458,1.0,0.00024417831252776523,0.0,0.0,0.0,0.0,29.0
17f5ab7fd438b645,"CEBPA,FOXA1,RXRA",2,seq_124368,1,myopic,0.5625,0.5625,0.4375,0.05583878011464988,1.1315056124993788,0.5625,0.0002390464375139345,0.0,0.0,0.0,0.0,29.0
17f5ab7fd438b645,"CEBPA,FOXA1,RXRA",2,seq_124368,1,rollout,1.0,1.0,4.163336342344337e-17,0.6772208158521158,24.516093584392113,1.0,0.0005069442499916477,0.0,0.0,0.0,0.0,29.0
17f5ab7fd438b645,"CEBPA,FOXA1,RXRA",2,seq_124368,1,learned,1.0,1.0,6.245004513516506e-17,0.7368490447228992,1.0223672993187856,1.0,0.002307709875012165,0.0,0.0,0.0,0.0,28.999999999999996
17f5ab7fd438b645,"CEBPA,FOXA1,RXRA",2,seq_124368,1,exact,1.0,1.0,6.938893903907228e-18,0.9999999999999998,0.9999999999999999,1.0,0.00032389318751313567,0.0,0.0,0.0,0.0,29.0
17f5ab7fd438b645,"CEBPA,FOXA1,RXRA",2,seq_124368,1,defensive_rollout,1.0,1.0,2.7755575615628914e-17,0.25956243461198497,0.939708486656535,1.0,0.0005153466249794292,0.0,0.0,0.0,0.0,29.0
1867ca5ca52398dc,"AP1,AP1,ONECUT1",1,seq_148101,-1,reference,1.0,1.0,0.14767085715722872,0.4446930180586166,1.0307088733101208,2.0,0.00033365250001793356,0.0,0.0,0.0,0.0,1.372324854260141
1867ca5ca52398dc,"AP1,AP1,ONECUT1",1,seq_148101,-1,myopic,1.0,1.0,0.11692538668181277,0.7205393414264614,0.9899078464608931,2.0,0.00025602262500967754,0.0,0.0,0.0,0.0,1.3981497209080387
1867ca5ca52398dc,"AP1,AP1,ONECUT1",1,seq_148101,-1,rollout,1.0,1.0,0.11952367424452051,0.7617393439713288,0.8734934484096422,2.0,0.0004981719999932466,0.0,0.0,0.0,0.0,1.3600204661382165
1867ca5ca52398dc,"AP1,AP1,ONECUT1",1,seq_148101,-1,learned,1.0,1.0,0.11225871255567436,0.8340465997355807,1.0774630332509099,2.0,0.002095981812487935,0.0,0.0,0.0,0.0,1.3329990712600857
1867ca5ca52398dc,"AP1,AP1,ONECUT1",1,seq_148101,-1,exact,1.0,1.0,0.07121839574196517,1.0,1.0,2.0,0.00031969643751494914,0.0,0.0,0.0,0.0,1.3515625
1867ca5ca52398dc,"AP1,AP1,ONECUT1",1,seq_148101,-1,defensive_rollout,1.0,1.0,0.10689422339320692,0.741190216098281,0.9806113163092731,2.0,0.0005775110624739455,0.0,0.0,0.0,0.0,1.3940987330056474
1872136d496853f4,"ONECUT1,ONECUT1,TFAP2C",2,seq_143354,1,reference,1.0,1.0,5.204170427930421e-17,0.3237981047083241,1.0244087300282647,1.0,0.00026982500000372056,0.0,0.0,0.0,0.0,10.0
1872136d496853f4,"ONECUT1,ONECUT1,TFAP2C",2,seq_143354,1,myopic,1.0,1.0,2.42861286636753e-17,0.3014730024559482,1.0795428597239085,1.0,0.00024840650002033726,0.0,0.0,0.0,0.0,10.0
1872136d496853f4,"ONECUT1,ONECUT1,TFAP2C",2,seq_143354,1,rollout,1.0,1.0,5.204170427930421e-17,0.7241054815233969,0.8112089159888651,1.0,0.0005089413750170024,0.0,0.0,0.0,0.0,10.0
1872136d496853f4,"ONECUT1,ONECUT1,TFAP2C",2,seq_143354,1,learned,1.0,1.0,3.469446951953614e-17,0.8302449496586628,0.9325157190059383,1.0,0.001801006687500717,0.0,0.0,0.0,0.0,10.0
1872136d496853f4,"ONECUT1,ONECUT1,TFAP2C",2,seq_143354,1,exact,1.0,1.0,3.469446951953614e-18,1.0,0.9999999999999994,1.0,0.00027518099999213064,0.0,0.0,0.0,0.0,10.0
1872136d496853f4,"ONECUT1,ONECUT1,TFAP2C",2,seq_143354,1,defensive_rollout,1.0,1.0,2.7755575615628914e-17,0.5964088323219188,0.94937319900348,1.0,0.000643987687467984,0.0,0.0,0.0,0.0,10.0
188a35dec7ba3274,"CTCF,NR2F2,XBP1",2,seq_200996,1,reference,1.0,1.0,3.469446951953614e-17,0.2903911079358945,1.2691252321232525,1.0,0.0003104491250240926,0.0,0.0,0.0,0.0,26.0
188a35dec7ba3274,"CTCF,NR2F2,XBP1",2,seq_200996,1,myopic,1.0,1.0,2.0816681711721685e-17,0.15428693170576274,1.037873471003942,1.0,0.00025644156252724315,0.0,0.0,0.0,0.0,26.0
188a35dec7ba3274,"CTCF,NR2F2,XBP1",2,seq_200996,1,rollout,1.0,1.0,5.204170427930421e-17,0.716507610786538,0.5896189442555098,1.0,0.0004871605625282882,0.0,0.0,0.0,0.0,26.0
188a35dec7ba3274,"CTCF,NR2F2,XBP1",2,seq_200996,1,learned,1.0,1.0,3.8163916471489756e-17,0.7059109461917616,1.0533603180012283,1.0,0.0017559338749890685,0.0,0.0,0.0,0.0,26.0
188a35dec7ba3274,"CTCF,NR2F2,XBP1",2,seq_200996,1,exact,1.0,1.0,0.0,0.9999999999999998,1.0,1.0,0.00028076875000238033,0.0,0.0,0.0,0.0,26.0
188a35dec7ba3274,"CTCF,NR2F2,XBP1",2,seq_200996,1,defensive_rollout,1.0,1.0,1.3877787807814457e-17,0.3544266252233168,0.9584683341016451,1.0,0.0004836553750209305,0.0,0.0,0.0,0.0,26.0
18ac2c202d132687,"AHR,CEBPA,PPARA",1,seq_130149,1,reference,1.0,1.0,0.1772143145235072,0.6522634798964531,0.9753118438961026,4.4375,0.00024060624996025126,0.0,0.6798329122432394,0.6120122093341063,0.09854699375045362,11.894832996424729
18ac2c202d132687,"AHR,CEBPA,PPARA",1,seq_130149,1,myopic,1.0,1.0,0.246002770549344,0.47873143915649197,0.8804645875737804,3.3125,0.00024821806246677625,0.0,0.724199953816876,0.6705790383284844,0.11109630980498687,11.577973232546974
18ac2c202d132687,"AHR,CEBPA,PPARA",1,seq_130149,1,rollout,1.0,1.0,0.16694809085193246,0.8415651175219163,0.9753429148634233,4.1875,0.000519788749997474,0.0,0.6491574846357039,0.5965869161910906,0.10082363757696916,11.642012533876745
18ac2c202d132687,"AHR,CEBPA,PPARA",1,seq_130149,1,learned,1.0,1.0,0.17381237181388043,0.922154516516341,1.0000838348015642,4.0,0.001846653187527636,0.0,0.5894304940468438,0.5271161521986228,0.08986903552049857,12.11526047160044
18ac2c202d132687,"AHR,CEBPA,PPARA",1,seq_130149,1,exact,1.0,1.0,0.14969538475678767,1.0,0.9999999999999998,3.9375,0.00026248981252763315,0.0,0.6640625,0.609375,0.11328125,12.08203125
18ac2c202d132687,"AHR,CEBPA,PPARA",1,seq_130149,1,defensive_rollout,1.0,1.0,0.17394680158098047,0.8512171401142548,0.9749764877503795,4.6875,0.0005356154375562028,0.0,0.640355086731675,0.5368146686200272,0.103108559794105,12.659289737472537
193c11171500cbe0,"AP1,HNF1A,SP1",1,seq_149875,1,reference,1.0,1.0,0.040782241841485406,0.38330992829415583,1.0338903639546992,2.0,0.00024548074999586333,0.0,0.9256354947445263,0.9256354947445263,0.0,9.264196589343051
193c11171500cbe0,"AP1,HNF1A,SP1",1,seq_149875,1,myopic,1.0,1.0,0.08900763637443687,0.38365164615606256,0.9588481131655624,1.5,0.00026103262501919744,0.0,0.9499355704885204,0.9499355704885204,0.0,8.851095301695153
193c11171500cbe0,"AP1,HNF1A,SP1",1,seq_149875,1,rollout,1.0,1.0,0.07799663334474455,0.7633741809780483,0.8631884320251424,1.875,0.0006639866874991185,0.0,0.9010613603531925,0.9010613603531925,0.0,9.681956873995729
193c11171500cbe0,"AP1,HNF1A,SP1",1,seq_149875,1,learned,1.0,1.0,0.058051922484639154,0.831005797330163,1.0994388405752402,2.0,0.00240635100004738,0.0,0.9136682402408078,0.9136682402408078,0.0,9.467639915906268
193c11171500cbe0,"AP1,HNF1A,SP1",1,seq_149875,1,exact,1.0,1.0,0.05208709602073823,1.0,1.0000000000000004,1.875,0.0002518766249863802,0.0,0.91796875,0.91796875,0.0,9.39453125
193c11171500cbe0,"AP1,HNF1A,SP1",1,seq_149875,1,defensive_rollout,1.0,1.0,0.060838546871824425,0.7177440793395522,1.007921514699274,1.9375,0.0004949011249948398,0.0,0.9148659678882605,0.9148659678882605,0.0,9.447278545899573
198f6760883f9188,"HNF4A,HNF4A,RXRA",2,seq_153844,-1,reference,1.0,1.0,0.14692211413646575,0.395859094975077,0.9037862391067761,1.9375,0.0002411914374818025,0.0,1.0,0.0,0.0,11.395451764342663
198f6760883f9188,"HNF4A,HNF4A,RXRA",2,seq_153844,-1,myopic,1.0,1.0,0.163942914976131,0.3296671791995508,1.1070198164300877,1.875,0.00028447056249092384,0.0,1.0,0.0,0.0,10.561442273355862
198f6760883f9188,"HNF4A,HNF4A,RXRA",2,seq_153844,-1,rollout,1.0,1.0,0.12070512551242155,0.7518577685479437,0.9134606999227435,2.0,0.0006658368750152022,0.0,1.0,0.0,0.0,11.20036624152365
198f6760883f9188,"HNF4A,HNF4A,RXRA",2,seq_153844,-1,learned,1.0,1.0,0.08167759468471894,0.9473466520173539,0.9652491828919006,2.0,0.0023953991250067475,0.0,1.0,0.0,0.0,10.986618161275416
198f6760883f9188,"HNF4A,HNF4A,RXRA",2,seq_153844,-1,exact,1.0,1.0,0.08103379605084168,1.0,0.9999999999999989,2.0,0.00025493643751417494,0.0,1.0,0.0,0.0,10.8984375
198f6760883f9188,"HNF4A,HNF4A,RXRA",2,seq_153844,-1,defensive_rollout,1.0,1.0,0.05636314136545036,0.7551044235055937,1.0670199477214908,2.0,0.0004929703125213791,0.0,1.0,0.0,0.0,10.690323659590032
19b2a4b1dd314e69,"RXRA,SP1,YY1",1,seq_157305,-1,reference,1.0,1.0,0.198317882647912,0.750367778211777,0.9950202598331509,5.625,0.0002395740625331655,0.0,1.0,1.0,0.9062989470975875,11.39147197576576
19b2a4b1dd314e69,"RXRA,SP1,YY1",1,seq_157305,-1,myopic,1.0,1.0,0.31296157407025893,0.5573701658693371,1.0090156422720347,4.5,0.00024709712501191916,0.0,1.0,1.0,0.9181889352074777,11.155710941561143
19b2a4b1dd314e69,"RXRA,SP1,YY1",1,seq_157305,-1,rollout,1.0,1.0,0.24582164199242437,0.8573325444491741,1.004930110627383,5.0625,0.0006278168125106731,0.0,1.0,1.0,0.9209280490173372,11.011353582845024
19b2a4b1dd314e69,"RXRA,SP1,YY1",1,seq_157305,-1,learned,1.0,1.0,0.18259475361091027,0.9452938168018801,1.0018311773022202,5.3125,0.0020855117499962716,0.0,1.0,1.0,0.9318191224564518,11.67480703142904
19b2a4b1dd314e69,"RXRA,SP1,YY1",1,seq_157305,-1,exact,1.0,1.0,0.1787731591244055,1.0,0.9999999999999998,5.125,0.0002761086875153751,0.0,1.0,1.0,0.9140625,11.44140625
19b2a4b1dd314e69,"RXRA,SP1,YY1",1,seq_157305,-1,defensive_rollout,1.0,1.0,0.21713252395966515,0.918052331196242,1.0166036054054102,5.375,0.0005418057500321538,0.0,1.0,1.0,0.9100357730551348,11.655898116841154
19b81e9854cc873f,"FOXA1,ONECUT1,XBP1",1,seq_123773,-1,reference,1.0,1.0,5.204170427930421e-17,0.3517947435529073,1.0771886433000368,1.0,0.0002528313124940951,0.0,0.0,0.0,0.0,10.0
19b81e9854cc873f,"FOXA1,ONECUT1,XBP1",1,seq_123773,-1,myopic,1.0,1.0,7.632783294297951e-17,0.33200162408418654,0.887087666969216,1.0,0.00028847849993951513,0.0,0.0,0.0,0.0,10.0
19b81e9854cc873f,"FOXA1,ONECUT1,XBP1",1,seq_123773,-1,rollout,1.0,1.0,6.245004513516506e-17,0.7486500231620866,0.7075146542411204,1.0,0.0005045638124698826,0.0,0.0,0.0,0.0,10.0
19b81e9854cc873f,"FOXA1,ONECUT1,XBP1",1,seq_123773,-1,learned,1.0,1.0,5.204170427930421e-17,0.9040731223836462,0.9777247334145974,1.0,0.0019731834374709933,0.0,0.0,0.0,0.0,10.0
19b81e9854cc873f,"FOXA1,ONECUT1,XBP1",1,seq_123773,-1,exact,1.0,1.0,0.0,1.0,0.9999999999999998,1.0,0.0002615332499971146,0.0,0.0,0.0,0.0,10.0
19b81e9854cc873f,"FOXA1,ONECUT1,XBP1",1,seq_123773,-1,defensive_rollout,1.0,1.0,4.5102810375396984e-17,0.6066308355646863,1.0486983754630468,1.0,0.00048690518750049705,0.0,0.0,0.0,0.0,10.0
1a36a4891eede9c2,"CEBPA,RXRA,SP1",1,seq_129301,1,reference,1.0,1.0,0.18886587945413263,0.5058352278151113,1.0933227061523876,3.9375,0.0002477298749994361,0.0,1.0,1.0,0.8627414624950472,11.0765592901006
1a36a4891eede9c2,"CEBPA,RXRA,SP1",1,seq_129301,1,myopic,1.0,1.0,0.23929029354429365,0.40362153854520233,0.9027699663401463,2.9375,0.000245085437512671,0.0,0.9999999999999999,0.9999999999999999,0.8790281451140123,10.342173071116973
1a36a4891eede9c2,"CEBPA,RXRA,SP1",1,seq_129301,1,rollout,1.0,1.0,0.25960922168105577,0.7005367067249486,1.0385119846851556,3.75,0.000516884500044057,0.0,1.0,1.0,0.8269407185481631,12.449275941923661
1a36a4891eede9c2,"CEBPA,RXRA,SP1",1,seq_129301,1,learned,1.0,1.0,0.1618215531709365,0.9458756613993169,0.9524717437233465,3.75,0.001790905374988938,0.0,1.0,1.0,0.8252131512761123,12.338103690523507
1a36a4891eede9c2,"CEBPA,RXRA,SP1",1,seq_129301,1,exact,1.0,1.0,0.1268078093292887,1.0,0.9999999999999998,3.6875,0.00025756881250060815,0.0,1.0,1.0,0.84375,11.796875
1a36a4891eede9c2,"CEBPA,RXRA,SP1",1,seq_129301,1,defensive_rollout,1.0,1.0,0.1604434007656781,0.817861687219573,0.999304391674131,3.8125,0.0004871041875276205,0.0,1.0,1.0,0.8043442898225409,12.081481036496275
1a5cc1dddf2d3a3f,"CEBPA,FOXA1,YY1",1,seq_132205,-1,reference,1.0,1.0,3.8163916471489756e-17,0.3542513155880286,1.0182837983498523,1.0,0.00024160437497755538,0.0,1.0,1.0,1.0,10.0
1a5cc1dddf2d3a3f,"CEBPA,FOXA1,YY1",1,seq_132205,-1,myopic,1.0,1.0,7.28583859910259e-17,0.33877936195054403,1.1727215929113375,1.0,0.0002502643125268378,0.0,1.0,1.0,1.0,10.0
1a5cc1dddf2d3a3f,"CEBPA,FOXA1,YY1",1,seq_132205,-1,rollout,1.0,1.0,5.204170427930421e-17,0.7628269611655284,0.7359815038881297,1.0,0.00048749500000155876,0.0,1.0,1.0,1.0,10.0
1a5cc1dddf2d3a3f,"CEBPA,FOXA1,YY1",1,seq_132205,-1,learned,1.0,1.0,5.898059818321144e-17,0.8748695120815487,0.9898240308871353,1.0,0.0017983883750218865,0.0,1.0,1.0,1.0,10.0
1a5cc1dddf2d3a3f,"CEBPA,FOXA1,YY1",1,seq_132205,-1,exact,1.0,1.0,6.938893903907228e-18,1.0,1.0000000000000002,1.0,0.00026601868748343804,0.0,1.0,1.0,1.0,10.0
1a5cc1dddf2d3a3f,"CEBPA,FOXA1,YY1",1,seq_132205,-1,defensive_rollout,1.0,1.0,3.469446951953614e-17,0.6335113281124937,0.9633798544533324,1.0,0.0005133856875403353,0.0,1.0,1.0,1.0,10.0
1a79f73c214885f8,"HNF4A,ONECUT1,RXRA",2,seq_153020,-1,reference,1.0,1.0,0.13231108299184338,0.42161248469305407,0.9989579323741669,1.9375,0.00025645606250179753,0.0,0.7591770027752524,0.0,0.0,11.408229972247476
1a79f73c214885f8,"HNF4A,ONECUT1,RXRA",2,seq_153020,-1,myopic,1.0,1.0,0.16493011194354001,0.31611422851525117,0.9515584352320183,1.9375,0.0002621312499826445,0.0,0.8276722891737657,0.0,0.0,10.72327710826234
1a79f73c214885f8,"HNF4A,ONECUT1,RXRA",2,seq_153020,-1,rollout,1.0,1.0,0.11572283171504802,0.7346973721410397,0.8130567280881329,2.0,0.0005092706250025003,0.0,0.8117189794319843,0.0,0.0,10.882810205680157
1a79f73c214885f8,"HNF4A,ONECUT1,RXRA",2,seq_153020,-1,learned,1.0,1.0,0.09385515746441873,0.9437827465151024,1.0098640378861725,2.0,0.002329034500021976,0.0,0.8127731150464172,0.0,0.0,10.872268849535828
1a79f73c214885f8,"HNF4A,ONECUT1,RXRA",2,seq_153020,-1,exact,1.0,1.0,0.07715441977733836,1.0,1.0000000000000004,2.0,0.0003420212500202524,0.0,0.83984375,0.0,0.0,10.6015625
1a79f73c214885f8,"HNF4A,ONECUT1,RXRA",2,seq_153020,-1,defensive_rollout,1.0,1.0,0.10311326275433054,0.7278156204916765,1.0353873303520427,2.0,0.0006597210625045591,0.0,0.8704179692842445,0.0,0.0,10.295820307157555
1b3adc832fffd876,"CEBPA,FOXA1,XBP1",1,seq_131915,1,reference,1.0,1.0,0.16825662822169812,0.46667392968492916,0.9298373316760338,3.9375,0.0003287732499899221,0.0,0.8540663007978824,0.8540663007978824,0.8540663007978824,16.97801074744696
1b3adc832fffd876,"CEBPA,FOXA1,XBP1",1,seq_131915,1,myopic,1.0,1.0,0.3028241123730433,0.31371639151181957,1.0264080798925868,3.125,0.00032131137500357454,0.0,0.8436125472077581,0.8436125472077581,0.8436125472077581,17.205798498977916
1b3adc832fffd876,"CEBPA,FOXA1,XBP1",1,seq_131915,1,rollout,1.0,1.0,0.17915547837218784,0.7952880610477857,0.956942620713108,3.6875,0.0005211070624966396,0.0,0.9119999756841158,0.9119999756841158,0.9119999756841158,16.694909050444913
1b3adc832fffd876,"CEBPA,FOXA1,XBP1",1,seq_131915,1,learned,1.0,1.0,0.13520578174839304,0.9388513895111665,1.0046418270414588,3.625,0.002733427124965715,0.0,0.8843312713381561,0.8843312713381561,0.8843312713381561,16.41651158952856
1b3adc832fffd876,"CEBPA,FOXA1,XBP1",1,seq_131915,1,exact,1.0,1.0,0.13428236954155418,1.0,1.0,3.625,0.00034818675001702104,0.0,0.84765625,0.84765625,0.84765625,16.77734375
1b3adc832fffd876,"CEBPA,FOXA1,XBP1",1,seq_131915,1,defensive_rollout,1.0,1.0,0.12885270838812837,0.7963150049326608,1.059560184738789,3.75,0.0006538998125051876,0.0,0.8235629414030671,0.8235629414030671,0.8235629414030671,16.795968955707387
1bc104a4872a336e,"AP1,YY1,YY1",1,seq_147487,-1,reference,1.0,1.0,0.20941162738443364,0.8036591030472312,0.9818234955811811,5.75,0.00034977037502414987,0.0,0.3622945759407005,0.12302989995915584,0.12302989995915584,6.648196746740663
1bc104a4872a336e,"AP1,YY1,YY1",1,seq_147487,-1,myopic,1.0,1.0,0.2483651356804412,0.7745053697139274,0.9623018831676824,5.1875,0.00040139118750914804,0.0,0.3079416634799843,0.10925928645052324,0.10925928645052324,5.947851260298456
1bc104a4872a336e,"AP1,YY1,YY1",1,seq_147487,-1,rollout,1.0,1.0,0.20774395262019596,0.8966985403811316,1.0291927729626738,5.25,0.0006548692499990239,0.0,0.3426498189924797,0.09267944894394466,0.09267944894394466,6.304749752359217
1bc104a4872a336e,"AP1,YY1,YY1",1,seq_147487,-1,learned,1.0,1.0,0.21293030421228248,0.9183018746176188,1.010422234745734,5.375,0.0025135196874686017,0.0,0.350337074687611,0.09368636780346286,0.09368636780346286,6.349996016857153
1bc104a4872a336e,"AP1,YY1,YY1",1,seq_147487,-1,exact,1.0,1.0,0.1772640529512599,0.9999999999999998,0.9999999999999998,5.5,0.0003287961250038052,0.0,0.34765625,0.078125,0.078125,6.44921875
1bc104a4872a336e,"AP1,YY1,YY1",1,seq_147487,-1,defensive_rollout,1.0,1.0,0.2209616057850124,0.937467026327724,0.9928439860561836,5.375,0.0005200486250345193,0.0,0.41382985425496877,0.11412187122771814,0.11412187122771814,6.682025837146751
1cfa2d53730a8210,"AP1,CTCF,TFAP2C",2,seq_199970,1,reference,1.0,1.0,0.20684685531536248,0.4557313938415041,1.0025973827599692,2.875,0.00023790775004783882,0.0,0.16048473959525794,0.16048473959525794,0.0,8.24726543421357
1cfa2d53730a8210,"AP1,CTCF,TFAP2C",2,seq_199970,1,myopic,1.0,1.0,0.21183308845540424,0.3441932122506175,0.8846294279993232,2.75,0.00024479756251594154,0.0,0.10647704596353463,0.10647704596353463,0.0,7.753717517093202
1cfa2d53730a8210,"AP1,CTCF,TFAP2C",2,seq_199970,1,rollout,1.0,1.0,0.1379366410242393,0.7201969439590938,0.8603694830957617,3.0,0.0005011286250038438,0.0,0.1205008094643569,0.1205008094643569,0.0,7.881328237789564
1cfa2d53730a8210,"AP1,CTCF,TFAP2C",2,seq_199970,1,learned,1.0,1.0,0.14833914856027597,0.675542552337105,1.077442565912817,3.0,0.0019354399999969019,0.0,0.1511465001002169,0.1511465001002169,0.0,8.281584131010867
1cfa2d53730a8210,"AP1,CTCF,TFAP2C",2,seq_199970,1,exact,1.0,1.0,0.08902538433426811,0.9999999999999999,1.0,3.0,0.0003131140625498574,0.0,0.15234375,0.15234375,0.0,8.24609375
1cfa2d53730a8210,"AP1,CTCF,TFAP2C",2,seq_199970,1,defensive_rollout,1.0,1.0,0.1452798183928189,0.7493019811926451,0.9644704708290978,2.9375,0.0005302686875552354,0.0,0.1316063541317398,0.1316063541317398,0.0,8.058588581519222
1e50fb4632cf10df,"CEBPA,SP1,TFAP2C",1,seq_137601,-1,reference,1.0,1.0,0.21281196245074446,0.47235491985424694,0.9582434557348588,4.0,0.0002476052499673642,0.0,1.0,0.4514753614409027,0.25599078938974507,11.378099966575624
1e50fb4632cf10df,"CEBPA,SP1,TFAP2C",1,seq_137601,-1,myopic,1.0,1.0,0.24256738928481675,0.37521989918727694,1.0378304426503338,3.5,0.00025468387499927303,0.0,1.0,0.3770422195620556,0.1222800187602005,10.251616997400532
1e50fb4632cf10df,"CEBPA,SP1,TFAP2C",1,seq_137601,-1,rollout,1.0,1.0,0.15839376883628464,0.7847763982781544,1.068884740299095,3.625,0.0005163698125016936,0.0,1.0,0.4535408700040409,0.1769739207135605,10.942697806690282
1e50fb4632cf10df,"CEBPA,SP1,TFAP2C",1,seq_137601,-1,learned,1.0,1.0,0.14363746344111422,0.9475784205703917,1.0076879124094464,3.5625,0.002428603312509381,0.0,1.0,0.4297627857902846,0.17539687868963594,10.6864797817157
1e50fb4632cf10df,"CEBPA,SP1,TFAP2C",1,seq_137601,-1,exact,1.0,1.0,0.1600592169258027,1.0,1.0000000000000002,3.625,0.0003089078750377894,0.0,1.0,0.40625,0.18359375,10.69921875
1e50fb4632cf10df,"CEBPA,SP1,TFAP2C",1,seq_137601,-1,defensive_rollout,1.0,1.0,0.15147124882962681,0.825687909516845,0.970781846317085,3.8125,0.0005186646249768501,0.0,1.0,0.3888337718127171,0.17427536509934827,10.618322162027416
1ea6edf00177eff9,"AP1,RXRA,TFAP2C",1,seq_195487,-1,reference,1.0,1.0,0.22138393802627349,0.5433368183828486,0.9805417329531896,3.9375,0.0003800488125023094,0.0,0.3572770363366745,0.25254588251755405,0.0,4.15539824360024
1ea6edf00177eff9,"AP1,RXRA,TFAP2C",1,seq_195487,-1,myopic,1.0,1.0,0.18406220944762586,0.6626322153588089,0.9624340893016186,3.3125,0.00026262393754450386,0.0,0.3989771710711935,0.2328839325348872,0.0,4.059272840794666
1ea6edf00177eff9,"AP1,RXRA,TFAP2C",1,seq_195487,-1,rollout,1.0,1.0,0.15670150394977916,0.8232960005434374,0.9552807353222482,3.625,0.0005031441250196167,0.0,0.4185252313912452,0.2544670261584375,0.0,4.00792496766562
1ea6edf00177eff9,"AP1,RXRA,TFAP2C",1,seq_195487,-1,learned,1.0,1.0,0.15314533040206213,0.7789749880933874,0.9646842381272628,3.9375,0.002420104500018283,0.0,0.4069277908979593,0.2699769815294498,0.0,4.203200233877562
1ea6edf00177eff9,"AP1,RXRA,TFAP2C",1,seq_195487,-1,exact,1.0,1.0,0.16575172297062718,0.9999999999999998,1.0000000000000004,3.6875,0.00033919206248356204,0.0,0.38671875,0.2578125,0.0,3.90234375
1ea6edf00177eff9,"AP1,RXRA,TFAP2C",1,seq_195487,-1,defensive_rollout,1.0,1.0,0.19167374127982056,0.833916733160227,0.9920027521642976,3.5625,0.0005163281249878082,0.0,0.37548564896207093,0.23016137603102715,0.0,3.5041866980448075
1eedd3fcf69ef860,"AP1,GABPA,XBP1",1,seq_190201,1,reference,1.0,1.0,0.10342855132684864,0.6338808249712058,1.0888764941708466,2.0,0.00025459324997711974,0.0,0.36071374230566666,0.36071374230566666,0.36071374230566666,2.8035687115283334
1eedd3fcf69ef860,"AP1,GABPA,XBP1",1,seq_190201,1,myopic,1.0,1.0,0.13340210342454042,0.7552594225277225,0.9264083012815424,2.0,0.00026693881247297213,0.0,0.39614261215032426,0.39614261215032426,0.39614261215032426,2.9807130607516212
1eedd3fcf69ef860,"AP1,GABPA,XBP1",1,seq_190201,1,rollout,1.0,1.0,0.10252774871289103,0.7655839322999773,0.9602528564623907,2.0,0.0005048167500234513,0.0,0.4177594510484245,0.4177594510484245,0.4177594510484245,3.088797255242122
1eedd3fcf69ef860,"AP1,GABPA,XBP1",1,seq_190201,1,learned,1.0,1.0,0.1485443346713137,0.6570448912181629,0.980885481314689,2.0,0.0026326723124867613,0.0,0.37192897493068,0.37192897493068,0.37192897493068,2.8596448746534
1eedd3fcf69ef860,"AP1,GABPA,XBP1",1,seq_190201,1,exact,1.0,1.0,0.07798053160372968,1.0,1.0,2.0,0.00038702106249388635,0.0,0.3046875,0.3046875,0.3046875,2.5234375
1eedd3fcf69ef860,"AP1,GABPA,XBP1",1,seq_190201,1,defensive_rollout,1.0,1.0,0.1014425640350663,0.7988447950593204,0.9471117178099748,2.0,0.0006281987500074138,0.0,0.38604959304550013,0.38604959304550013,0.38604959304550013,2.9302479652275006
2117d2539b96f331,"RXRA,SP1,YY1",1,seq_157569,1,reference,1.0,1.0,0.22698688084470137,0.47500059063109407,1.0195819885110335,3.875,0.00024340100002007148,0.0,1.0,1.0,1.0,12.108737147802746
2117d2539b96f331,"RXRA,SP1,YY1",1,seq_157569,1,myopic,1.0,1.0,0.2684429348423736,0.37981476159521815,1.1284099436681205,3.0,0.0002740400625214079,0.0,1.0,1.0,1.0,11.558713901550217
2117d2539b96f331,"RXRA,SP1,YY1",1,seq_157569,1,rollout,1.0,1.0,0.17595541376846255,0.7965139801147024,1.0292657739963293,3.8125,0.0005423698124928933,0.0,1.0,1.0,1.0,12.030913702894093
2117d2539b96f331,"RXRA,SP1,YY1",1,seq_157569,1,learned,1.0,1.0,0.14785977206254253,0.8801764482316687,0.9852055302694611,3.9375,0.002120233687477935,0.0,1.0,1.0,1.0,12.168455970556185
2117d2539b96f331,"RXRA,SP1,YY1",1,seq_157569,1,exact,1.0,1.0,0.10886853630025084,1.0,0.9999999999999998,3.4375,0.0002646900000371488,0.0,1.0,1.0,1.0,11.4375
2117d2539b96f331,"RXRA,SP1,YY1",1,seq_157569,1,defensive_rollout,1.0,1.0,0.19128140064081162,0.790305188891532,0.928460126398861,3.6875,0.0005169634374766474,0.0,1.0,1.0,1.0,12.323573390268589
21ddb76abba2c14f,"REST,SP1,XBP1",2,seq_183408,-1,reference,1.0,1.0,0.10332580873206659,0.42954469836229303,0.9670305090913655,2.0,0.0002449305624736553,0.0,1.0,0.8294446602255896,0.8294446602255896,10.558330096616157
21ddb76abba2c14f,"REST,SP1,XBP1",2,seq_183408,-1,myopic,1.0,1.0,0.14275561399102799,0.43094219701918657,1.318400147050072,1.625,0.0002555490624729373,0.0,0.9999999999999999,0.8689942575047371,0.8689942575047371,9.965086137428944
21ddb76abba2c14f,"REST,SP1,XBP1",2,seq_183408,-1,rollout,1.0,1.0,0.07609937240604242,0.7109025891950895,0.8578064590045644,2.0,0.0005152897500266818,0.0,1.0,0.8391652064711452,0.8391652064711452,10.412521902932822
21ddb76abba2c14f,"REST,SP1,XBP1",2,seq_183408,-1,learned,1.0,1.0,0.07698942249775233,0.8506675466608431,0.9044075116611037,2.0,0.002001998125010118,0.0,1.0,0.8941370072060322,0.8941370072060322,9.587944891909517
21ddb76abba2c14f,"REST,SP1,XBP1",2,seq_183408,-1,exact,1.0,1.0,0.055266769906818336,1.0,1.0,2.0,0.00036372150003671777,0.0,1.0,0.875,0.875,9.875
21ddb76abba2c14f,"REST,SP1,XBP1",2,seq_183408,-1,defensive_rollout,1.0,1.0,0.06476442727718837,0.6961596421964227,1.03365290383476,2.0,0.0005856374375667883,0.0,1.0,0.86534361837171,0.86534361837171,10.01984572442435
224669bf77379a5e,"CEBPA,RXRA,SP1",1,seq_128247,-1,reference,1.0,1.0,0.21622183478114126,0.7632407600168198,0.9979247088803289,5.5625,0.00026099825002745547,0.0,0.5141416510662737,0.5638978664388614,0.0,11.590814369748566
224669bf77379a5e,"CEBPA,RXRA,SP1",1,seq_128247,-1,myopic,1.0,1.0,0.29468850655305745,0.553964217824404,0.9955565002941431,4.3125,0.00026083368747720215,0.0,0.5429389324988788,0.5067378923708137,0.0,11.04024476261618
224669bf77379a5e,"CEBPA,RXRA,SP1",1,seq_128247,-1,rollout,1.0,1.0,0.23657084398752354,0.8687139522309928,1.007463764271302,5.375,0.0005400500625114546,0.0,0.5001182778446327,0.5552526015722308,0.0,11.27375712078491
224669bf77379a5e,"CEBPA,RXRA,SP1",1,seq_128247,-1,learned,1.0,1.0,0.1816224370978588,0.9624265400567502,0.9633312310495754,5.3125,0.002045590124950536,0.0,0.5016151604780179,0.5948489276719824,0.0,11.11752851231116
224669bf77379a5e,"CEBPA,RXRA,SP1",1,seq_128247,-1,exact,1.0,1.0,0.23748623049176887,1.0,1.0,5.5625,0.0002660186875260706,0.0,0.55859375,0.578125,0.0,11.8203125
224669bf77379a5e,"CEBPA,RXRA,SP1",1,seq_128247,-1,defensive_rollout,1.0,1.0,0.19365567257321206,0.9029080183266878,0.9884992013313273,5.25,0.0005532553749674207,0.0,0.5194082543715597,0.49682821963615037,0.0,10.67945617543441
22797165288cdc12,"ONECUT1,PPARA,TFAP2C",1,seq_197007,1,reference,1.0,1.0,0.19393975396663243,0.7719952064067215,1.0133246101849283,5.375,0.0002541061249843324,0.0,1.0,1.0,0.7327831559801897,12.60800383462711
22797165288cdc12,"ONECUT1,PPARA,TFAP2C",1,seq_197007,1,myopic,1.0,1.0,0.3625088413557612,0.4046652195098978,1.1443869146093952,4.75,0.00029026718753755176,0.0,1.0,1.0,0.7620577316373536,13.434518030502792
22797165288cdc12,"ONECUT1,PPARA,TFAP2C",1,seq_197007,1,rollout,1.0,1.0,0.22197897397553995,0.8733806237191852,0.9596080277002654,5.5,0.0005346821250213907,0.0,1.0,1.0,0.7538218674670867,12.652283673268524
22797165288cdc12,"ONECUT1,PPARA,TFAP2C",1,seq_197007,1,learned,1.0,1.0,0.18404320813380204,0.9543527583006812,1.0076288949841223,5.6875,0.0024122703750180108,0.0,1.0,1.0,0.6701183735700085,12.91224223895329
22797165288cdc12,"ONECUT1,PPARA,TFAP2C",1,seq_197007,1,exact,1.0,1.0,0.1897637428303398,0.9999999999999999,0.9999999999999996,5.4375,0.00043189106251873,0.0,1.0,1.0,0.73828125,12.62109375
22797165288cdc12,"ONECUT1,PPARA,TFAP2C",1,seq_197007,1,defensive_rollout,1.0,1.0,0.2504761644836886,0.9203405096254283,1.0087373932860664,5.5,0.0005073661875201196,0.0,1.0,1.0,0.706357756723986,12.792104018529104
22b74d9c2c640189,"GABPA,RXRA,YY1",2,seq_160510,-1,reference,1.0,1.0,5.204170427930421e-17,0.3514378149094914,1.0522864982552638,1.0,0.0002405503124975894,0.0,0.0,0.0,0.0,10.0
22b74d9c2c640189,"GABPA,RXRA,YY1",2,seq_160510,-1,myopic,1.0,1.0,3.122502256758253e-17,0.28913634893777795,0.9732660267132531,1.0,0.0002574460000488443,0.0,0.0,0.0,0.0,10.0
22b74d9c2c640189,"GABPA,RXRA,YY1",2,seq_160510,-1,rollout,1.0,1.0,5.204170427930421e-17,0.6774678919688899,0.7708267532105366,1.0,0.0004868207499981736,0.0,0.0,0.0,0.0,10.0
22b74d9c2c640189,"GABPA,RXRA,YY1",2,seq_160510,-1,learned,1.0,1.0,4.163336342344337e-17,0.7226013535795155,1.0169286634622323,1.0,0.0025909761875055892,0.0,0.0,0.0,0.0,10.0
22b74d9c2c640189,"GABPA,RXRA,YY1",2,seq_160510,-1,exact,1.0,1.0,1.3877787807814457e-17,0.9999999999999996,0.9999999999999996,1.0,0.0002548689999883891,0.0,0.0,0.0,0.0,10.0
22b74d9c2c640189,"GABPA,RXRA,YY1",2,seq_160510,-1,defensive_rollout,1.0,1.0,5.551115123125783e-17,0.658448697558271,1.0496462175278487,1.0,0.0004949318749680742,0.0,0.0,0.0,0.0,10.0
22fa21c00c79cb51,"FOXA1,GABPA,TFAP2C",1,seq_197227,1,reference,1.0,1.0,0.21318010133589815,0.5831256820254964,0.9725967978780713,4.625,0.0002495895624434752,0.0,1.0,0.7035428803255173,0.5710131712939681,8.058179873570083
22fa21c00c79cb51,"FOXA1,GABPA,TFAP2C",1,seq_197227,1,myopic,1.0,1.0,0.2605181688645939,0.5168484740720002,1.019805374896354,4.125,0.0002738508749899893,0.0,1.0,0.6574468504914315,0.5792440149587604,7.947692263740203
22fa21c00c79cb51,"FOXA1,GABPA,TFAP2C",1,seq_197227,1,rollout,1.0,1.0,0.21708674806766334,0.8130172113638623,0.9730896724628666,4.125,0.000488466124977549,0.0,1.0,0.6645554943725496,0.5465072280429815,8.264945114324284
22fa21c00c79cb51,"FOXA1,GABPA,TFAP2C",1,seq_197227,1,learned,1.0,1.0,0.1749628123571141,0.9013066816399975,0.9954451172825813,4.5,0.0025573845624933256,0.0,1.0,0.6827920060637236,0.5577897955194603,8.238906871361621
22fa21c00c79cb51,"FOXA1,GABPA,TFAP2C",1,seq_197227,1,exact,1.0,1.0,0.1450143512766288,1.0,0.9999999999999997,4.3125,0.0012474089375018593,0.0,1.0,0.65625,0.55859375,8.0234375
22fa21c00c79cb51,"FOXA1,GABPA,TFAP2C",1,seq_197227,1,defensive_rollout,1.0,1.0,0.16709744190606227,0.888799363330287,0.9771569139099616,4.25,0.0005089215000282366,0.0,1.0,0.6906481895754657,0.5815570138944267,7.931992237642279
2333a1d0f0fcd426,"GABPA,RXRA,YY1",2,seq_136088,1,reference,1.0,1.0,0.15214333724247037,0.3301283936624854,1.1398421526217049,1.9375,0.0002644639374977942,0.0,0.0,0.0,0.0,20.313512756351408
2333a1d0f0fcd426,"GABPA,RXRA,YY1",2,seq_136088,1,myopic,1.0,1.0,0.2132113923986138,0.24629028792480323,0.7201087125056477,1.625,0.000245410874995855,0.375,0.0,0.0,0.0,20.5995084867465
2333a1d0f0fcd426,"GABPA,RXRA,YY1",2,seq_136088,1,rollout,1.0,1.0,0.13330436368835638,0.7498428522213463,0.82016090138868,2.0,0.0004896223124859489,0.0,0.0,0.0,0.0,20.480585497665153
2333a1d0f0fcd426,"GABPA,RXRA,YY1",2,seq_136088,1,learned,1.0,1.0,0.09338524884059855,0.8832673091522655,1.0001102922688823,1.9375,0.0023729464375037423,0.0,0.0,0.0,0.0,20.43827401939661
2333a1d0f0fcd426,"GABPA,RXRA,YY1",2,seq_136088,1,exact,1.0,1.0,0.10546875,1.0,0.9999999999999998,2.0,0.0002542933749793974,0.0,0.0,0.0,0.0,20.6171875
2333a1d0f0fcd426,"GABPA,RXRA,YY1",2,seq_136088,1,defensive_rollout,1.0,1.0,0.15140167157970236,0.5448727586022972,1.0344152078672246,2.0,0.0005193485625341054,0.0,0.0,0.0,0.0,20.830855688494903
23aec43b15dd512b,"AP1,YY1,YY1",1,seq_132839,-1,reference,1.0,1.0,0.18512527225694156,0.7407312440818498,1.0001315503719606,3.9375,0.0002722448125069832,0.0,1.0,1.0,1.0,10.375677305313072
23aec43b15dd512b,"AP1,YY1,YY1",1,seq_132839,-1,myopic,1.0,1.0,0.24483664776507474,0.5007074891631189,1.0702982883307475,4.0,0.0002574967499384684,0.0,1.0,1.0,1.0,10.392647845233562
23aec43b15dd512b,"AP1,YY1,YY1",1,seq_132839,-1,rollout,1.0,1.0,0.23614736987013984,0.8415619538078714,1.014520463005951,4.0,0.000509257624997872,0.0,1.0,1.0,1.0,10.371142840164069
23aec43b15dd512b,"AP1,YY1,YY1",1,seq_132839,-1,learned,1.0,1.0,0.1791058698283071,0.969023746572834,1.0032164566463364,3.9375,0.002368843187497305,0.0,1.0,1.0,1.0,10.40742663089734
23aec43b15dd512b,"AP1,YY1,YY1",1,seq_132839,-1,exact,1.0,1.0,0.19646664447242113,0.9999999999999996,0.9999999999999998,3.9375,0.0002535935624763397,0.0,1.0,1.0,1.0,10.3828125
23aec43b15dd512b,"AP1,YY1,YY1",1,seq_132839,-1,defensive_rollout,1.0,1.0,0.1680173037172505,0.885563037427918,0.9987751789755505,4.0,0.0005219664375175626,0.0,1.0,1.0,1.0,10.431879850699712
248e506653d38b1a,"CEBPA,FOXA1,YY1",1,seq_132473,-1,reference,1.0,1.0,0.15547574671882908,0.3993924852866887,0.8006788551119532,2.0,0.00023998093749355576,0.0,1.0,1.0,0.24956110932451853,13.246049983920667
248e506653d38b1a,"CEBPA,FOXA1,YY1",1,seq_132473,-1,myopic,1.0,1.0,0.18470674226157793,0.24918500396590118,0.8896873413826553,1.9375,0.0002468554999808248,0.0,1.0,1.0,0.15071458260532522,12.356431243447927
248e506653d38b1a,"CEBPA,FOXA1,YY1",1,seq_132473,-1,rollout,1.0,1.0,0.0933469420633056,0.7638626387525062,0.7889149547199774,2.0,0.0004877481875240619,0.0,1.0,1.0,0.23990184876997722,13.159116638929795
248e506653d38b1a,"CEBPA,FOXA1,YY1",1,seq_132473,-1,learned,1.0,1.0,0.07708744009299318,0.9537462881789358,0.9649538474615853,2.0,0.0022666010000165215,0.0,1.0,1.0,0.21188927835816834,12.907003505223514
248e506653d38b1a,"CEBPA,FOXA1,YY1",1,seq_132473,-1,exact,1.0,1.0,0.07202856040241995,1.0,1.0,2.0,0.00025283181250301823,0.0,1.0,1.0,0.18359375,12.65234375
248e506653d38b1a,"CEBPA,FOXA1,YY1",1,seq_132473,-1,defensive_rollout,1.0,1.0,0.106687785569172,0.6996421127438435,0.9825197814811876,2.0,0.0004860913750093232,0.0,1.0,1.0,0.2224774102448358,13.002296692203522
2699c20dfe47b3cd,"REST,SP1,XBP1",1,seq_141895,-1,reference,1.0,1.0,0.13980245350835835,0.4766157259795479,0.9474017079532357,3.9375,0.00024120887502476762,0.0,1.0,1.0,1.0,12.377187932809328
2699c20dfe47b3cd,"REST,SP1,XBP1",1,seq_141895,-1,myopic,1.0,1.0,0.23353531335908156,0.39168822365146766,0.8055856113781661,2.3125,0.00024888462503724895,0.0,1.0,1.0,1.0,10.211295524260015
2699c20dfe47b3cd,"REST,SP1,XBP1",1,seq_141895,-1,rollout,1.0,1.0,0.14110713702947758,0.7471419599196011,1.00217831464869,3.25,0.0004890734375067041,0.0,1.0,1.0,1.0,11.729279669976194
2699c20dfe47b3cd,"REST,SP1,XBP1",1,seq_141895,-1,learned,1.0,1.0,0.11166387407500881,0.9489016330922413,0.9984484420310311,3.625,0.002400573812536777,0.0,1.0,1.0,1.0,11.469541808279814
2699c20dfe47b3cd,"REST,SP1,XBP1",1,seq_141895,-1,exact,1.0,1.0,0.1041156373477666,0.9999999999999998,0.9999999999999999,3.375,0.00026870968748937685,0.0,1.0,1.0,1.0,11.3359375
2699c20dfe47b3cd,"REST,SP1,XBP1",1,seq_141895,-1,defensive_rollout,1.0,1.0,0.10901280752713795,0.7521406348101731,1.0193034668661178,3.625,0.0005312756250077655,0.0,1.0,1.0,1.0,10.915725274323824
2787b979421c152d,"FOXA1,ONECUT1,ONECUT1",1,seq_143111,-1,reference,1.0,1.0,0.10683059682926668,0.3873947008638813,0.9854186435530586,2.0,0.0002513071250120902,0.0,0.8184175356185215,0.0,0.0,11.997407108196263
2787b979421c152d,"FOXA1,ONECUT1,ONECUT1",1,seq_143111,-1,myopic,1.0,1.0,0.15038064898576187,0.3958754957000717,1.1942963367261048,1.9375,0.00025200543748837845,0.0,0.831835167762093,0.0,0.0,11.849813154616976
2787b979421c152d,"FOXA1,ONECUT1,ONECUT1",1,seq_143111,-1,rollout,1.0,1.0,0.13380704420118952,0.7228769871488441,0.9709315302559554,2.0,0.00048691950000545603,0.0,0.7412521510240995,0.0,0.0,12.846226338734908
2787b979421c152d,"FOXA1,ONECUT1,ONECUT1",1,seq_143111,-1,learned,1.0,1.0,0.12948136617768957,0.7853242891401382,1.014623222090822,2.0,0.002496193187539575,0.0,0.8004644127148789,0.0,0.0,12.194891460136333
2787b979421c152d,"FOXA1,ONECUT1,ONECUT1",1,seq_143111,-1,exact,1.0,1.0,0.07683088968127147,0.9999999999999998,0.9999999999999993,2.0,0.0002903936249936123,0.0,0.8125,0.0,0.0,12.0625
2787b979421c152d,"FOXA1,ONECUT1,ONECUT1",1,seq_143111,-1,defensive_rollout,1.0,1.0,0.09017916721775757,0.7402396207552351,1.011184288240725,2.0,0.000512785937516469,0.0,0.8239539885206982,0.0,0.0,11.93650612627232
27988614c7fcde80,"CTCF,REST,TFAP2C",1,seq_196905,1,reference,1.0,1.0,4.5102810375396984e-17,0.3757266392051945,1.0072299208093982,1.0,0.0002690050625204776,0.0,0.0,0.0,0.0,4.0
27988614c7fcde80,"CTCF,REST,TFAP2C",1,seq_196905,1,myopic,1.0,1.0,6.591949208711867e-17,0.542724700001468,1.046974736063357,1.0,0.000260066937528336,0.0,0.0,0.0,0.0,4.0
27988614c7fcde80,"CTCF,REST,TFAP2C",1,seq_196905,1,rollout,1.0,1.0,2.0816681711721685e-17,0.701499662898335,0.7212413810230323,1.0,0.0005018166249755041,0.0,0.0,0.0,0.0,4.0
27988614c7fcde80,"CTCF,REST,TFAP2C",1,seq_196905,1,learned,1.0,1.0,5.551115123125783e-17,0.8255705580485035,1.0239929273428288,1.0,0.0024448998124739774,0.0,0.0,0.0,0.0,4.0
27988614c7fcde80,"CTCF,REST,TFAP2C",1,seq_196905,1,exact,1.0,1.0,6.938893903907228e-18,0.9999999999999998,1.0,1.0,0.0002787626250011499,0.0,0.0,0.0,0.0,4.0
27988614c7fcde80,"CTCF,REST,TFAP2C",1,seq_196905,1,defensive_rollout,1.0,1.0,4.163336342344337e-17,0.6296606219205764,0.9378752415935465,1.0,0.0006145871875133935,0.0,0.0,0.0,0.0,4.0
27de124d3df8ccb8,"AHR,CTCF,HNF4A",1,seq_201093,-1,reference,1.0,1.0,0.24352807783056507,0.7439979584418024,1.0011968648741902,5.4375,0.00027564249997169554,0.0,0.8012414172643306,0.09408791456016258,0.07685072324478859,13.42794186742723
27de124d3df8ccb8,"AHR,CTCF,HNF4A",1,seq_201093,-1,myopic,1.0,1.0,0.29720190306209926,0.43629929600907924,1.080093717329936,4.375,0.00030580743748487293,0.0,0.8491230042417461,0.10778926563501708,0.08487576962854962,13.15486949341609
27de124d3df8ccb8,"AHR,CTCF,HNF4A",1,seq_201093,-1,rollout,1.0,1.0,0.20638292308920292,0.8390017084898203,0.9798161939322265,5.5,0.0006041548125210738,0.0,0.8355016662508334,0.10875783474566078,0.09369076353978543,13.420732441178854
27de124d3df8ccb8,"AHR,CTCF,HNF4A",1,seq_201093,-1,learned,1.0,1.0,0.18318279170518809,0.9675139137859161,0.9875840532883415,5.375,0.0018989467499892498,0.0,0.7809018440886091,0.08684070436397054,0.0767119904247322,13.467606490206784
27de124d3df8ccb8,"AHR,CTCF,HNF4A",1,seq_201093,-1,exact,1.0,1.0,0.1764550612113663,1.0,1.0,5.1875,0.0002605345000148418,0.0,0.8125,0.06640625,0.05468750000000001,13.234375
27de124d3df8ccb8,"AHR,CTCF,HNF4A",1,seq_201093,-1,defensive_rollout,1.0,1.0,0.2007683281439145,0.8878369151131501,0.9875562135259797,5.5,0.0005299891249848088,0.0,0.806478964819076,0.08352686208073802,0.07051802570641921,13.481196683230099
27f88b98b755f83f,"AHR,FOXA1,FOXA1",2,seq_122542,-1,reference,1.0,1.0,0.2018365949594864,0.6231949611563008,1.0121558755902622,3.0,0.0003349119375570808,0.0,0.4355873437463742,0.9156906530561937,0.4355873437463742,12.967196197762231
27f88b98b755f83f,"AHR,FOXA1,FOXA1",2,seq_122542,-1,myopic,1.0,1.0,0.21106538037813244,0.39378523313070857,1.0862821335664505,2.6875,0.00043601862493858334,0.0,0.4242381449556429,0.9016137273327396,0.4242381449556429,13.127497834585672
27f88b98b755f83f,"AHR,FOXA1,FOXA1",2,seq_122542,-1,rollout,1.0,1.0,0.14502909598472752,0.833460810368897,0.9462544269226126,3.0,0.0007224706250212876,0.0,0.44513600967471534,0.8962350196271792,0.44513600967471534,13.239216764196101
27f88b98b755f83f,"AHR,FOXA1,FOXA1",2,seq_122542,-1,learned,1.0,1.0,0.1333042707986763,0.796789250513081,1.2558600428856388,2.9375,0.0018698348749808247,0.0,0.36343274642724066,0.9342050922145209,0.36343274642724066,12.58219929406571
27f88b98b755f83f,"AHR,FOXA1,FOXA1",2,seq_122542,-1,exact,1.0,1.0,0.10842991553491522,1.0,1.0000000000000004,2.9375,0.00031562506251248124,0.0,0.41015625,0.90234375,0.41015625,13.08984375
27f88b98b755f83f,"AHR,FOXA1,FOXA1",2,seq_122542,-1,defensive_rollout,1.0,1.0,0.13275423849619644,0.8315657637573961,1.043216425373358,3.0,0.0004998765000010508,0.0,0.3882343202370098,0.871902400767286,0.3882343202370098,13.441737430499302
28afc28829ed2146,"PPARA,RXRA,RXRA",1,seq_160307,1,reference,1.0,1.0,0.23385184449137866,0.7374721283657387,0.98788617916152,5.5,0.0002577703749864213,0.0,0.8965657403370478,0.8709652142856419,0.4285232467622727,12.943621693915011
28afc28829ed2146,"PPARA,RXRA,RXRA",1,seq_160307,1,myopic,1.0,1.0,0.30274002362909536,0.4478744799439003,0.891473319657279,4.3125,0.0003355984374735499,0.0,0.8767488486326446,0.8767488486326446,0.3770159486562379,13.118722453365308
28afc28829ed2146,"PPARA,RXRA,RXRA",1,seq_160307,1,rollout,1.0,1.0,0.19405536690472708,0.8441668639070289,1.0004496544631072,5.5625,0.000563013374971888,0.0,0.9217209355267542,0.8952440889302071,0.39856152583065296,12.712748127950938
28afc28829ed2146,"PPARA,RXRA,RXRA",1,seq_160307,1,learned,1.0,1.0,0.19931780291352683,0.9469774858279062,1.0174611268241534,5.4375,0.0018099091875285467,0.0,0.901827552289415,0.8832837516896749,0.4034395637060414,12.625112034153826
28afc28829ed2146,"PPARA,RXRA,RXRA",1,seq_160307,1,exact,1.0,1.0,0.173307699378708,1.0,0.9999999999999998,5.3125,0.00039764056251101465,0.0,0.86328125,0.83984375,0.38671875,12.8359375
28afc28829ed2146,"PPARA,RXRA,RXRA",1,seq_160307,1,defensive_rollout,1.0,1.0,0.1912633960266704,0.9028527887508158,0.9900973448913679,5.375,0.000518027124968512,0.0,0.853852789251895,0.8273554472826978,0.40812329259500024,12.866061523381621
2919549b256493b7,"CTCF,NR2F2,XBP1",1,seq_205867,1,reference,1.0,1.0,0.14071285953599993,0.6343571640270861,1.052317170806101,3.625,0.0002560608750030724,0.0,0.9912301830439232,0.658770339104396,0.5442121758592757,12.082190006626973
2919549b256493b7,"CTCF,NR2F2,XBP1",1,seq_205867,1,myopic,1.0,1.0,0.23855541913782174,0.4400831672395555,0.9596377832657013,2.6875,0.0002631041874536777,0.0,1.0,0.7410001945298994,0.6204790851619052,11.602773643664328
2919549b256493b7,"CTCF,NR2F2,XBP1",1,seq_205867,1,rollout,1.0,1.0,0.18882583640337022,0.8229170737029828,0.9999494624539564,3.25,0.0005128005624754906,0.0,0.99549290836261,0.6388819933960287,0.5366918732320995,11.890127971119105
2919549b256493b7,"CTCF,NR2F2,XBP1",1,seq_205867,1,learned,1.0,1.0,0.15077556674312936,0.9466637144553728,1.207712276303705,3.3125,0.0018875954999941769,0.0,0.9893557050036443,0.6201252262892305,0.4956168396016574,12.414859791686776
2919549b256493b7,"CTCF,NR2F2,XBP1",1,seq_205867,1,exact,1.0,1.0,0.17293200952992266,0.9999999999999998,1.0000000000000004,3.3125,0.0002726804999468868,0.0,0.98828125,0.64453125,0.54296875,12.046875
2919549b256493b7,"CTCF,NR2F2,XBP1",1,seq_205867,1,defensive_rollout,1.0,1.0,0.16671451821259142,0.8461411038969193,0.9959755667374965,3.4375,0.0005338230624829521,0.0,0.9837914330759325,0.6616014977360224,0.5823591692219755,11.805167019764276
2986708421a5facd,"CTCF,HNF1A,RXRA",1,seq_178293,-1,reference,1.0,1.0,0.13951588342672175,0.2799026892966444,1.0065912019530723,1.9375,0.0002863751875423759,0.0,1.0,1.0,1.0,28.095192085561038
2986708421a5facd,"CTCF,HNF1A,RXRA",1,seq_178293,-1,myopic,0.9375,0.9375,0.26748255843499175,0.1852527449407687,0.5535565967481246,1.375,0.0002764092499774051,0.6,1.0,1.0,1.0,27.924644668956468
2986708421a5facd,"CTCF,HNF1A,RXRA",1,seq_178293,-1,rollout,1.0,1.0,0.11786759971644589,0.7870801227835522,5.753789325492455,1.9375,0.0005250034375166024,0.0,1.0,1.0,1.0,27.896552828481447
2986708421a5facd,"CTCF,HNF1A,RXRA",1,seq_178293,-1,learned,1.0,1.0,0.0981814829393885,0.8318986367380315,1.0671824206241913,2.0,0.0017848983124792994,0.0,1.0,1.0,1.0,27.711630432741746
2986708421a5facd,"CTCF,HNF1A,RXRA",1,seq_178293,-1,exact,1.0,1.0,0.09379721663992141,1.0,0.9999999999999998,2.0,0.00027590468749849606,0.0,1.0,1.0,1.0,27.79296875
2986708421a5facd,"CTCF,HNF1A,RXRA",1,seq_178293,-1,defensive_rollout,1.0,1.0,0.1262655427655223,0.3912777995668564,0.9357932998571031,2.0,0.0005533885625084167,0.0,1.0,1.0,1.0,27.523209916414995
2c2b11dcada5b98b,"AHR,CTCF,TFAP2C",1,seq_201241,-1,reference,1.0,1.0,0.1721870700006375,0.4764279236999699,0.9876251461926793,3.9375,0.0002683978125332942,0.0,0.0,0.0,0.0,7.820919738622811
2c2b11dcada5b98b,"AHR,CTCF,TFAP2C",1,seq_201241,-1,myopic,1.0,1.0,0.1934791961748876,0.5189297220088431,1.0525778163513886,2.9375,0.0002552761250314006,0.0,0.0,0.0,0.0,7.406218696391481
2c2b11dcada5b98b,"AHR,CTCF,TFAP2C",1,seq_201241,-1,rollout,1.0,1.0,0.12427931868120126,0.7838424632746677,0.9117741423321994,3.3125,0.0005026135625030292,0.0,0.0,0.0,0.0,7.423263906698821
2c2b11dcada5b98b,"AHR,CTCF,TFAP2C",1,seq_201241,-1,learned,1.0,1.0,0.10837413290701066,0.8700535861669569,1.0016928369205182,3.6875,0.001865516750044094,0.0,0.0,0.0,0.0,7.649895857628299
2c2b11dcada5b98b,"AHR,CTCF,TFAP2C",1,seq_201241,-1,exact,1.0,1.0,0.12071057036070708,1.0,0.9999999999999998,3.5,0.00028601131248251477,0.0,0.0,0.0,0.0,7.91015625
2c2b11dcada5b98b,"AHR,CTCF,TFAP2C",1,seq_201241,-1,defensive_rollout,1.0,1.0,0.12244503056705648,0.8300772878141847,1.0437993280407256,3.75,0.000549386374984806,0.0,0.0,0.0,0.0,7.375323521692849
2d38a4ee1e6a42b8,"AHR,CTCF,HNF4A",1,seq_200169,-1,reference,1.0,1.0,0.19802162211226737,0.7355957348179795,0.9747752091547176,5.625,0.00027501143752317603,0.0,1.0,1.0,0.7326464252758933,14.268450965709283
2d38a4ee1e6a42b8,"AHR,CTCF,HNF4A",1,seq_200169,-1,myopic,1.0,1.0,0.32954495948382184,0.41909518523470135,1.1053291922806667,4.625,0.0002496827499669507,0.0,1.0,1.0,0.737765243745029,12.890487518777583
2d38a4ee1e6a42b8,"AHR,CTCF,HNF4A",1,seq_200169,-1,rollout,1.0,1.0,0.20488252565519038,0.8284515609485862,0.9881882232064658,5.25,0.0005097798749744697,0.0,1.0,1.0,0.7288272144540784,13.985665892434522
2d38a4ee1e6a42b8,"AHR,CTCF,HNF4A",1,seq_200169,-1,learned,1.0,1.0,0.1747578765124902,0.9329027518760143,1.0049590693219672,5.3125,0.0018349610625136847,0.0,1.0,1.0,0.717927687987898,13.546113776191987
2d38a4ee1e6a42b8,"AHR,CTCF,HNF4A",1,seq_200169,-1,exact,1.0,1.0,0.17332383478639504,1.0,0.9999999999999999,5.4375,0.00030899537497930396,0.0,1.0,1.0,0.65625,13.703125
2d38a4ee1e6a42b8,"AHR,CTCF,HNF4A",1,seq_200169,-1,defensive_rollout,1.0,1.0,0.19152171432460807,0.8859823870420893,0.98958966176722,5.4375,0.0005644475000252669,0.0,1.0,1.0,0.7262514535580993,14.074149178454364
2dae60594325fbb2,"AP1,HNF1A,REST",2,seq_177144,1,reference,1.0,1.0,0.14974377323451668,0.609843688739561,1.0121679973185687,5.125,0.0002649916249879425,0.0,0.9306738594253492,0.8129673073636178,0.7109068039644753,5.740578869684056
2dae60594325fbb2,"AP1,HNF1A,REST",2,seq_177144,1,myopic,1.0,1.0,0.25053245987052586,0.6432675584316987,0.9752387051213731,3.75,0.000284798374977413,0.0,0.9020561717813183,0.7911406057540246,0.6881845631072032,6.126357925166006
2dae60594325fbb2,"AP1,HNF1A,REST",2,seq_177144,1,rollout,1.0,1.0,0.1841920822694444,0.7801362372053751,0.9293458537897596,4.8125,0.0004933256250012619,0.0,0.9423167029636064,0.8119277783687919,0.6766748939098978,6.468234308055176
2dae60594325fbb2,"AP1,HNF1A,REST",2,seq_177144,1,learned,1.0,1.0,0.15671889288138185,0.9303250184274059,0.9802092731649902,4.5,0.001953226937501995,0.0,0.9395415373820915,0.8120932724155958,0.6602816851797877,6.365833982749576
2dae60594325fbb2,"AP1,HNF1A,REST",2,seq_177144,1,exact,1.0,1.0,0.15063541456626195,1.0,1.0,4.75,0.0002950811250315155,0.0,0.93359375,0.7890625,0.6640625,6.4296875
2dae60594325fbb2,"AP1,HNF1A,REST",2,seq_177144,1,defensive_rollout,1.0,1.0,0.15912157769908786,0.8486639133152907,0.9884141571417465,4.625,0.0005239358124526916,0.0,0.9329542116023184,0.7947847578271365,0.664567121632123,6.4564606194362
2dc78af677dd957a,"CEBPA,FOXA1,TFAP2C",2,seq_193460,-1,reference,1.0,1.0,2.42861286636753e-17,0.314341662441075,0.8737964122163233,1.0,0.00025117124999951557,0.0,1.0,0.0,0.0,15.0
2dc78af677dd957a,"CEBPA,FOXA1,TFAP2C",2,seq_193460,-1,myopic,1.0,1.0,2.7755575615628914e-17,0.20056307716205315,1.0354856209709014,1.0,0.00025342462500077545,0.0,1.0,0.0,0.0,15.0
2dc78af677dd957a,"CEBPA,FOXA1,TFAP2C",2,seq_193460,-1,rollout,1.0,1.0,4.163336342344337e-17,0.7685625499633597,0.5016568564635977,1.0,0.0005200536249816423,0.0,1.0,0.0,0.0,15.0
2dc78af677dd957a,"CEBPA,FOXA1,TFAP2C",2,seq_193460,-1,learned,1.0,1.0,2.42861286636753e-17,0.7767267699250652,0.9915423962262528,1.0,0.0020610751875267397,0.0,1.0,0.0,0.0,15.0
2dc78af677dd957a,"CEBPA,FOXA1,TFAP2C",2,seq_193460,-1,exact,1.0,1.0,0.0,1.0,1.0000000000000002,1.0,0.0002666541875129269,0.0,1.0,0.0,0.0,15.0
2dc78af677dd957a,"CEBPA,FOXA1,TFAP2C",2,seq_193460,-1,defensive_rollout,1.0,1.0,2.7755575615628914e-17,0.4494932731121375,1.0100506518931742,1.0,0.0005642301249935144,0.0,1.0,0.0,0.0,15.0
2fc056c11d2f28b1,"CEBPA,SP1,TFAP2C",2,seq_141174,1,reference,1.0,1.0,0.16715908429589943,0.4487302853429824,1.0596944658565812,2.9375,0.000337280812502172,0.0,0.0,0.0,0.0,11.880021062822307
2fc056c11d2f28b1,"CEBPA,SP1,TFAP2C",2,seq_141174,1,myopic,1.0,1.0,0.2375107443865011,0.28682735504241286,1.0077001294573333,2.8125,0.0002724941250136226,0.0,0.0,0.0,0.0,11.41772638067578
2fc056c11d2f28b1,"CEBPA,SP1,TFAP2C",2,seq_141174,1,rollout,1.0,1.0,0.15383203373729143,0.7287066825838687,0.9848049118547164,2.9375,0.0005091113124819913,0.0,0.0,0.0,0.0,11.604086592038387
2fc056c11d2f28b1,"CEBPA,SP1,TFAP2C",2,seq_141174,1,learned,1.0,1.0,0.1917805870344354,0.8375289833327402,1.0250057281716405,3.0,0.0019350695000213136,0.0,0.0,0.0,0.0,12.653893266452949
2fc056c11d2f28b1,"CEBPA,SP1,TFAP2C",2,seq_141174,1,exact,1.0,1.0,0.11087544643620936,0.9999999999999999,0.9999999999999998,2.875,0.0003051330000261032,0.0,0.0,0.0,0.0,11.640625
2fc056c11d2f28b1,"CEBPA,SP1,TFAP2C",2,seq_141174,1,defensive_rollout,1.0,1.0,0.1237019589890821,0.7424133746675412,1.0507069283552308,3.0,0.000520352437490601,0.0,0.0,0.0,0.0,11.374174799690472
300db2287a7687b1,"ONECUT1,ONECUT1,RXRA",1,seq_144021,1,reference,1.0,1.0,0.21103521478498216,0.699162471194536,1.0153849786457159,4.375,0.0002610808749921034,0.0,1.0,1.0,0.9877679850967236,11.150204222695512
300db2287a7687b1,"ONECUT1,ONECUT1,RXRA",1,seq_144021,1,myopic,1.0,1.0,0.2320755663559238,0.5169175381142312,0.9392370716400645,3.5,0.00027707700000689783,0.0,1.0,1.0,0.9871062990563892,11.194190383949389
300db2287a7687b1,"ONECUT1,ONECUT1,RXRA",1,seq_144021,1,rollout,1.0,1.0,0.2014032144083575,0.8371635307646157,0.9757255015375215,4.4375,0.0005277098749871811,0.0,1.0,1.0,0.9798470474778227,11.470570191034952
300db2287a7687b1,"ONECUT1,ONECUT1,RXRA",1,seq_144021,1,learned,1.0,1.0,0.19601490255768805,0.9379104574948876,1.0336735571943754,4.5625,0.00198654831253009,0.0,1.0,1.0,0.9748964149274915,11.905612135235728
300db2287a7687b1,"ONECUT1,ONECUT1,RXRA",1,seq_144021,1,exact,1.0,1.0,0.15951358697055856,1.0,1.0,4.4375,0.00035972025003161434,0.0,1.0,1.0,0.98828125,11.96484375
300db2287a7687b1,"ONECUT1,ONECUT1,RXRA",1,seq_144021,1,defensive_rollout,1.0,1.0,0.13698844930255005,0.8758844628240743,1.053810344970492,4.6875,0.0005696638125129994,0.0,1.0,1.0,0.9662661826279025,11.84577236794112
30b29c950c071324,"CTCF,HNF1A,RXRA",1,seq_200479,1,reference,1.0,1.0,0.08633514808865807,0.44252882837235036,0.9447240199876414,2.8125,0.00030824049999012004,0.0,0.14287058044330847,0.0,0.0,11.646831808080172
30b29c950c071324,"CTCF,HNF1A,RXRA",1,seq_200479,1,myopic,1.0,1.0,0.08964109705734186,0.3765672825216891,0.9965830824564398,1.8125,0.00027876568749718444,0.0,0.044934101062143184,0.0,0.0,9.864933586177287
30b29c950c071324,"CTCF,HNF1A,RXRA",1,seq_200479,1,rollout,1.0,1.0,0.08003516579699961,0.6954652702023945,0.813731799025194,2.5,0.0005048393749973457,0.0,0.11529899479476895,0.0,0.0,11.160104533881722
30b29c950c071324,"CTCF,HNF1A,RXRA",1,seq_200479,1,learned,1.0,1.0,0.08581300768214883,0.9356299889512136,0.9531735758253163,2.375,0.002042566687507019,0.0,0.13068719992807729,0.0,0.0,11.442264105317282
30b29c950c071324,"CTCF,HNF1A,RXRA",1,seq_200479,1,exact,1.0,1.0,0.09389171952744671,1.0,0.9999999999999997,2.375,0.0002836661250285033,0.0,0.08203125,0.0,0.0,10.53515625
30b29c950c071324,"CTCF,HNF1A,RXRA",1,seq_200479,1,defensive_rollout,1.0,1.0,0.06308675195767688,0.728589034623685,1.0221392313963307,2.6875,0.0005903199375296708,0.0,0.10898662936842267,0.0,0.0,11.140363803287132
31d9e455f9b03cf8,"AP1,PPARA,TFAP2C",1,seq_187777,-1,reference,1.0,1.0,0.24735256829382496,0.4788078541059576,0.9991642704879047,3.9375,0.0002654441250058426,0.0,1.0,1.0,1.0,12.62296743526577
31d9e455f9b03cf8,"AP1,PPARA,TFAP2C",1,seq_187777,-1,myopic,1.0,1.0,0.3553360751278962,0.2716453520124113,1.0019773396718157,3.875,0.000261389562496106,0.0,1.0,1.0,1.0,13.27001085371371
31d9e455f9b03cf8,"AP1,PPARA,TFAP2C",1,seq_187777,-1,rollout,1.0,1.0,0.21009812148770537,0.8001467038179357,0.9491230342916208,3.9375,0.0005397164375153807,0.0,1.0,1.0,1.0,12.708368568961424
31d9e455f9b03cf8,"AP1,PPARA,TFAP2C",1,seq_187777,-1,learned,1.0,1.0,0.179542951239208,0.9502562976608409,1.002743385610787,4.0,0.0019262356875202613,0.0,1.0,1.0,1.0,12.73245851124905
31d9e455f9b03cf8,"AP1,PPARA,TFAP2C",1,seq_187777,-1,exact,1.0,1.0,0.16207206861154438,1.0,1.0000000000000004,4.0,0.00026693837502023143,0.0,1.0,1.0,1.0,12.5703125
31d9e455f9b03cf8,"AP1,PPARA,TFAP2C",1,seq_187777,-1,defensive_rollout,1.0,1.0,0.1955756638530471,0.8278746321466739,1.0290327408705007,3.875,0.00050643412500051,0.0,1.0,1.0,1.0,12.368269050100967
327fe931220a2a26,"AHR,GABPA,HNF4A",1,seq_170841,1,reference,1.0,1.0,3.8163916471489756e-17,0.27691947659921345,1.1677207816613968,1.0,0.00026157768755297184,0.0,1.0,1.0,1.0,15.0
327fe931220a2a26,"AHR,GABPA,HNF4A",1,seq_170841,1,myopic,1.0,1.0,2.7755575615628914e-17,0.21487249299426386,1.3964807916803785,1.0,0.0002567559999704372,0.0,1.0,1.0,1.0,15.0
327fe931220a2a26,"AHR,GABPA,HNF4A",1,seq_170841,1,rollout,1.0,1.0,6.938893903907228e-17,0.7132594642340736,0.5676007891466154,1.0,0.0005418701250192726,0.0,0.9999999999999999,0.9999999999999999,0.9999999999999999,15.0
327fe931220a2a26,"AHR,GABPA,HNF4A",1,seq_170841,1,learned,1.0,1.0,5.551115123125783e-17,0.7936834704144079,1.1266899931102288,1.0,0.0019417467500346675,0.0,1.0,1.0,1.0,15.0
327fe931220a2a26,"AHR,GABPA,HNF4A",1,seq_170841,1,exact,1.0,1.0,0.0,1.0,0.9999999999999999,1.0,0.00027579949997402764,0.0,1.0,1.0,1.0,15.0
327fe931220a2a26,"AHR,GABPA,HNF4A",1,seq_170841,1,defensive_rollout,1.0,1.0,3.8163916471489756e-17,0.5016904826044051,1.0067945544157273,1.0,0.0005438704374540748,0.0,1.0,1.0,1.0,15.0
328ebed71cb1da0c,"GABPA,HNF4A,PPARA",1,seq_190431,-1,reference,1.0,1.0,0.19390974684400886,0.785656793893907,1.0480064327201437,5.5,0.0002652721874909503,0.0,1.0,1.0,0.8785316624634236,12.493595490489117
328ebed71cb1da0c,"GABPA,HNF4A,PPARA",1,seq_190431,-1,myopic,1.0,1.0,0.3602060387284117,0.4125535321416152,0.9810495566710449,4.6875,0.0002824311250151368,0.0,1.0,1.0,0.8650686342670878,13.360367764406664
328ebed71cb1da0c,"GABPA,HNF4A,PPARA",1,seq_190431,-1,rollout,1.0,1.0,0.1924518435319244,0.8681918427860645,0.9773196578199056,5.375,0.0005450053750166717,0.0,1.0,1.0,0.8239133391393015,12.291436943270874
328ebed71cb1da0c,"GABPA,HNF4A,PPARA",1,seq_190431,-1,learned,1.0,1.0,0.17949127267573878,0.9424574593055162,1.001932742120595,5.5,0.0021850365000233296,0.0,1.0,1.0,0.8825697872956664,12.832370099741524
328ebed71cb1da0c,"GABPA,HNF4A,PPARA",1,seq_190431,-1,exact,1.0,1.0,0.19997521730185178,0.9999999999999998,0.9999999999999999,5.4375,0.0002552123125099115,0.0,1.0,1.0,0.82421875,12.3515625
328ebed71cb1da0c,"GABPA,HNF4A,PPARA",1,seq_190431,-1,defensive_rollout,1.0,1.0,0.1943050527849723,0.929003189101275,0.9935645164814362,5.3125,0.0004886918124924478,0.0,1.0,1.0,0.8546172706200498,12.10384579187929
32f6436cea6bc704,"CEBPA,FOXA1,YY1",2,seq_132482,1,reference,1.0,1.0,0.16271467615771346,0.5539668785303635,0.8685272795610952,3.625,0.00023886999998978808,0.0,1.0,0.21106927309809603,0.0,14.565928103461216
32f6436cea6bc704,"CEBPA,FOXA1,YY1",2,seq_132482,1,myopic,1.0,1.0,0.24642989414096073,0.3231228542737511,0.9873106292938092,3.0625,0.00024477362502750566,0.0,1.0,0.20212987443929453,0.0,13.291608077123907
32f6436cea6bc704,"CEBPA,FOXA1,YY1",2,seq_132482,1,rollout,1.0,1.0,0.17648768332927675,0.829192777762898,0.9898586545079197,3.875,0.0005194473124987553,0.0,1.0,0.20622569174182848,0.0,14.21569691489416
32f6436cea6bc704,"CEBPA,FOXA1,YY1",2,seq_132482,1,learned,1.0,1.0,0.13380329826578571,0.9705695121415998,0.9889679335470654,3.5625,0.002208890937467345,0.0,1.0,0.14969899003379708,0.0,13.859690318186125
32f6436cea6bc704,"CEBPA,FOXA1,YY1",2,seq_132482,1,exact,1.0,1.0,0.13181403510339554,0.9999999999999999,0.9999999999999996,3.6875,0.0002557930625073368,0.0,1.0,0.16015625,0.0,13.82421875
32f6436cea6bc704,"CEBPA,FOXA1,YY1",2,seq_132482,1,defensive_rollout,1.0,1.0,0.16836591162267805,0.8091577746165238,1.041574939650592,3.8125,0.0004985871874794157,0.0,1.0,0.2305320588005239,0.0,14.468875030788569
32ffa5e6d712107b,"AHR,TFAP2C,TFAP2C",1,seq_197661,-1,reference,1.0,1.0,0.10800556791280339,0.35276010377220524,0.803154487830668,1.9375,0.0002392660624934706,0.0,1.0,1.0,0.860374904330518,5.815126243703265
32ffa5e6d712107b,"AHR,TFAP2C,TFAP2C",1,seq_197661,-1,myopic,1.0,1.0,0.08856354335041539,0.5176543578827056,0.9671601343235339,1.9375,0.0002700979374878898,0.0,1.0,1.0,0.8734677527695853,5.64491921399539
32ffa5e6d712107b,"AHR,TFAP2C,TFAP2C",1,seq_197661,-1,rollout,1.0,1.0,0.0867407750569932,0.7678738735644731,0.8089215111859522,2.0,0.0005077588124891008,0.0,1.0,1.0,0.8376897618062165,6.110033096519188
32ffa5e6d712107b,"AHR,TFAP2C,TFAP2C",1,seq_197661,-1,learned,1.0,1.0,0.05612111129342012,0.8479368432980131,0.9869508469148357,1.9375,0.0021671801874845187,0.0,1.0,1.0,0.8682936649681481,5.712182355414075
32ffa5e6d712107b,"AHR,TFAP2C,TFAP2C",1,seq_197661,-1,exact,1.0,1.0,0.06949579667388289,0.9999999999999998,1.0000000000000004,2.0,0.00028074818749246333,0.0,1.0,1.0,0.87109375,5.67578125
32ffa5e6d712107b,"AHR,TFAP2C,TFAP2C",1,seq_197661,-1,defensive_rollout,1.0,1.0,0.038248641971649205,0.7282297210298996,0.9952913795847025,2.0,0.0005132763125175188,0.0,1.0,1.0,0.8950654653685723,5.364148950208559
3456e31ee7dfb744,"AP1,RXRA,TFAP2C",1,seq_160841,1,reference,1.0,1.0,0.20951577080060718,0.6793465349127286,0.9872940953117146,4.6875,0.00024857362502928027,0.0,0.3588115368105994,0.6878529692227013,0.07991656120557719,8.851716384198998
3456e31ee7dfb744,"AP1,RXRA,TFAP2C",1,seq_160841,1,myopic,1.0,1.0,0.2887544698907034,0.4585346278975458,1.0446557529070744,4.3125,0.00027844849999780763,0.0,0.33010155140049424,0.6784305314926822,0.01875934978829111,8.438994263017529
3456e31ee7dfb744,"AP1,RXRA,TFAP2C",1,seq_160841,1,rollout,1.0,1.0,0.2314232383481077,0.8240369342560353,1.014086466733997,4.6875,0.0005413139374468301,0.0,0.32252850507699576,0.6867230169422522,0.07880433481287376,8.702200973568212
3456e31ee7dfb744,"AP1,RXRA,TFAP2C",1,seq_160841,1,learned,1.0,1.0,0.2143544796058957,0.8365344387959384,0.9811238094295414,4.875,0.002217086312512606,0.0,0.3913998656922385,0.7465061184213839,0.09152533465916246,8.585674838634407
3456e31ee7dfb744,"AP1,RXRA,TFAP2C",1,seq_160841,1,exact,1.0,1.0,0.1968843255312333,1.0,1.0000000000000004,4.9375,0.0002539095625166965,0.0,0.375,0.7265625,0.0859375,8.58984375
3456e31ee7dfb744,"AP1,RXRA,TFAP2C",1,seq_160841,1,defensive_rollout,1.0,1.0,0.21915752717990342,0.842113954305368,1.00389528013136,4.8125,0.000490133937503856,0.0,0.37520066543972747,0.7292047939463928,0.0724404143496463,8.538367431994356
3494702902d01c1a,"FOXA1,FOXA1,SP1",2,seq_122442,-1,reference,1.0,1.0,2.7755575615628914e-17,0.34734037225613573,0.8664301291571789,1.0,0.0002534896875090453,0.0,0.0,0.0,0.0,8.0
3494702902d01c1a,"FOXA1,FOXA1,SP1",2,seq_122442,-1,myopic,1.0,1.0,5.204170427930421e-17,0.4023696747366192,1.2227431175875307,1.0,0.00024749962500436595,0.0,0.0,0.0,0.0,8.0
3494702902d01c1a,"FOXA1,FOXA1,SP1",2,seq_122442,-1,rollout,1.0,1.0,5.551115123125783e-17,0.7551322545547543,0.7443591534301712,1.0,0.000514915500019697,0.0,0.0,0.0,0.0,8.0
3494702902d01c1a,"FOXA1,FOXA1,SP1",2,seq_122442,-1,learned,1.0,1.0,3.469446951953614e-17,0.8768165603536175,1.0703662312677618,1.0,0.002199415875011823,0.0,0.0,0.0,0.0,8.0
3494702902d01c1a,"FOXA1,FOXA1,SP1",2,seq_122442,-1,exact,1.0,1.0,2.0816681711721685e-17,0.9999999999999998,1.0000000000000004,1.0,0.00029181368746833414,0.0,0.0,0.0,0.0,8.0
3494702902d01c1a,"FOXA1,FOXA1,SP1",2,seq_122442,-1,defensive_rollout,1.0,1.0,5.204170427930421e-17,0.6776021540635959,1.0438438498654783,1.0,0.0005400544374793981,0.0,0.0,0.0,0.0,8.0
34e45b7ebbee6700,"AHR,CEBPA,NR2F2",2,seq_164470,1,reference,1.0,1.0,1.0408340855860843e-17,0.22146395903661623,0.7989244809498003,1.0,0.0002519499374784573,0.0,1.0,1.0,1.0,39.0
34e45b7ebbee6700,"AHR,CEBPA,NR2F2",2,seq_164470,1,myopic,0.3125,0.3125,0.6875,0.031230450767605666,0.4168467130355666,0.3125,0.0002472010624927634,0.0,1.0,1.0,1.0,39.0
34e45b7ebbee6700,"AHR,CEBPA,NR2F2",2,seq_164470,1,rollout,1.0,1.0,4.163336342344337e-17,0.6788557945487904,8.415491180568482,1.0,0.0005153756875131421,0.0,1.0,1.0,1.0,39.0
34e45b7ebbee6700,"AHR,CEBPA,NR2F2",2,seq_164470,1,learned,1.0,1.0,4.163336342344337e-17,0.7538777668250337,0.9444836648719293,1.0,0.0022079608749976387,0.0,1.0,1.0,1.0,39.0
34e45b7ebbee6700,"AHR,CEBPA,NR2F2",2,seq_164470,1,exact,1.0,1.0,0.0,0.9999999999999998,0.9999999999999997,1.0,0.00026322093748376574,0.0,1.0,1.0,1.0,39.0
34e45b7ebbee6700,"AHR,CEBPA,NR2F2",2,seq_164470,1,defensive_rollout,1.0,1.0,4.163336342344337e-17,0.2442912394498038,0.8578162526479169,1.0,0.0005139723125040518,0.0,1.0,1.0,1.0,39.0
35a6a8c8d42febdf,"CEBPA,CTCF,SP1",1,seq_198667,-1,reference,1.0,1.0,0.19630629200194105,0.49183862936242917,1.0324006382797066,3.875,0.0002399102500163508,0.0,1.0,1.0,1.0,11.140109353518309
35a6a8c8d42febdf,"CEBPA,CTCF,SP1",1,seq_198667,-1,myopic,1.0,1.0,0.238087371850704,0.38545647399057603,0.8368478841225659,3.0625,0.00029288537501770406,0.0,1.0,1.0,1.0,10.9493903263845
35a6a8c8d42febdf,"CEBPA,CTCF,SP1",1,seq_198667,-1,rollout,1.0,1.0,0.1556440199350159,0.7709384411396387,0.9450685560031458,3.75,0.0005633445625221611,0.0,1.0,1.0,1.0,11.740279041182891
35a6a8c8d42febdf,"CEBPA,CTCF,SP1",1,seq_198667,-1,learned,1.0,1.0,0.16706520117755289,0.9456687963267824,0.9628692261613498,3.8125,0.002206376000003729,0.0,1.0,1.0,1.0,12.36407615205703
35a6a8c8d42febdf,"CEBPA,CTCF,SP1",1,seq_198667,-1,exact,1.0,1.0,0.14959433073777514,1.0,0.9999999999999998,3.4375,0.0002616405624991103,0.0,1.0,1.0,1.0,11.515625
35a6a8c8d42febdf,"CEBPA,CTCF,SP1",1,seq_198667,-1,defensive_rollout,1.0,1.0,0.11286720981981244,0.8164896744242472,0.9940910828666305,3.875,0.0005586242500328353,0.0,1.0,1.0,1.0,11.970804811512698
369489f3a2628c35,"GABPA,GABPA,XBP1",1,seq_193377,1,reference,1.0,1.0,5.204170427930421e-17,0.3456595003316623,1.0248048750636145,1.0,0.0002571456874704836,0.0,0.0,0.0,0.0,6.0
369489f3a2628c35,"GABPA,GABPA,XBP1",1,seq_193377,1,myopic,1.0,1.0,5.204170427930421e-17,0.3828705318945297,1.1001148458425636,1.0,0.0002847239999965723,0.0,0.0,0.0,0.0,6.0
369489f3a2628c35,"GABPA,GABPA,XBP1",1,seq_193377,1,rollout,1.0,1.0,6.938893903907228e-17,0.7384493908172819,0.6925041093448792,1.0,0.0005323255624887224,0.0,0.0,0.0,0.0,6.0
369489f3a2628c35,"GABPA,GABPA,XBP1",1,seq_193377,1,learned,1.0,1.0,5.204170427930421e-17,0.7484974563646194,1.110281465266929,1.0,0.0025105659374844436,0.0,0.0,0.0,0.0,6.0
369489f3a2628c35,"GABPA,GABPA,XBP1",1,seq_193377,1,exact,1.0,1.0,3.469446951953614e-18,1.0,1.0000000000000002,1.0,0.000328142937533471,0.0,0.0,0.0,0.0,6.0
369489f3a2628c35,"GABPA,GABPA,XBP1",1,seq_193377,1,defensive_rollout,1.0,1.0,3.8163916471489756e-17,0.638613716333764,0.9300675114862539,1.0,0.0005047836875036182,0.0,0.0,0.0,0.0,6.0
378019a53680371a,"AP1,PPARA,TFAP2C",2,seq_187784,-1,reference,1.0,1.0,3.8163916471489756e-17,0.25336870362867914,0.8227690183623418,1.0,0.0002417655624924464,0.0,0.0,0.0,0.0,11.0
378019a53680371a,"AP1,PPARA,TFAP2C",2,seq_187784,-1,myopic,1.0,1.0,4.163336342344337e-17,0.2686348130190487,0.8163989519505311,1.0,0.00032082974999525504,0.0,0.0,0.0,0.0,11.0
378019a53680371a,"AP1,PPARA,TFAP2C",2,seq_187784,-1,rollout,1.0,1.0,4.163336342344337e-17,0.7317378773687621,0.686082694046804,1.0,0.0005323288125111958,0.0,0.0,0.0,0.0,11.0
378019a53680371a,"AP1,PPARA,TFAP2C",2,seq_187784,-1,learned,1.0,1.0,4.163336342344337e-17,0.8636924765637738,1.0545642748708657,1.0,0.002325760312487546,0.0,0.0,0.0,0.0,11.0
378019a53680371a,"AP1,PPARA,TFAP2C",2,seq_187784,-1,exact,1.0,1.0,6.938893903907228e-18,1.0,1.0000000000000002,1.0,0.00033363300003941276,0.0,0.0,0.0,0.0,11.0
378019a53680371a,"AP1,PPARA,TFAP2C",2,seq_187784,-1,defensive_rollout,1.0,1.0,4.163336342344337e-17,0.6074661150343128,1.0345199716903064,1.0,0.0005039180000352417,0.0,0.0,0.0,0.0,11.0
378faa0548717e0e,"CEBPA,REST,RXRA",2,seq_130628,-1,reference,1.0,1.0,0.1114259741051097,0.4123687819940174,1.0290572894240033,2.9375,0.00023931887500339144,0.0,0.9999999999999999,0.16660334505868457,0.11439394650509663,11.968934762862558
378faa0548717e0e,"CEBPA,REST,RXRA",2,seq_130628,-1,myopic,1.0,1.0,0.14815249152198856,0.34095201305309353,0.9338882520812464,2.1875,0.000260466937476167,0.0,1.0,0.14317540174308716,0.101889894209139,11.51920059395184
378faa0548717e0e,"CEBPA,REST,RXRA",2,seq_130628,-1,rollout,1.0,1.0,0.09894597304247121,0.7759874403266512,0.9997676381261873,2.1875,0.0005192468750152557,0.0,1.0,0.07820006272283052,0.07329777444603103,10.217121535333654
378faa0548717e0e,"CEBPA,REST,RXRA",2,seq_130628,-1,learned,1.0,1.0,0.08901694459259152,0.8854615350764343,0.9635161621896642,2.6875,0.006777018312504879,0.0,1.0,0.17319688302616876,0.13064384242289928,11.980930610821957
378faa0548717e0e,"CEBPA,REST,RXRA",2,seq_130628,-1,exact,1.0,1.0,0.08847787149047778,1.0,0.9999999999999998,2.375,0.0002825638750039161,0.0,1.0,0.15234375,0.1328125,11.4609375
378faa0548717e0e,"CEBPA,REST,RXRA",2,seq_130628,-1,defensive_rollout,1.0,1.0,0.09458721829679112,0.7027075809714307,1.024337259038071,3.0,0.0005061072499614738,0.0,1.0,0.19826168398463317,0.14554279344915996,12.448395274588755
37994537a2547af5,"CTCF,HNF4A,NR2F2",2,seq_200818,1,reference,1.0,1.0,3.469446951953614e-17,0.21788088014728602,1.1284611709762746,1.0,0.0002369019375123571,0.0,1.0,1.0,1.0,35.0
37994537a2547af5,"CTCF,HNF4A,NR2F2",2,seq_200818,1,myopic,0.5625,0.5625,0.4375,0.047450084195761896,0.33145032494793386,0.5625,0.0002520206875118447,0.0,1.0,1.0,1.0,35.0
37994537a2547af5,"CTCF,HNF4A,NR2F2",2,seq_200818,1,rollout,1.0,1.0,6.591949208711867e-17,0.6832168217187846,0.25091777689653505,1.0,0.000530391437521871,0.0,1.0,1.0,1.0,35.0
37994537a2547af5,"CTCF,HNF4A,NR2F2",2,seq_200818,1,learned,1.0,1.0,4.5102810375396984e-17,0.7048353193048829,1.1018318074086768,1.0,0.002428677624962461,0.0,1.0,1.0,1.0,35.0
37994537a2547af5,"CTCF,HNF4A,NR2F2",2,seq_200818,1,exact,1.0,1.0,0.0,1.0,1.0000000000000002,1.0,0.00033125731252425794,0.0,1.0,1.0,1.0,35.0
37994537a2547af5,"CTCF,HNF4A,NR2F2",2,seq_200818,1,defensive_rollout,1.0,1.0,2.7755575615628914e-17,0.2421371099353527,0.8225312125447071,1.0,0.000496893812467647,0.0,1.0,1.0,1.0,35.0
37b9c38d11661f06,"REST,YY1,YY1",1,seq_179337,1,reference,1.0,1.0,0.1509090496137332,0.4022007768549324,1.0474014684228057,2.9375,0.00024003231250446788,0.0,1.0,0.8015803459123595,0.0,17.354719403908362
37b9c38d11661f06,"REST,YY1,YY1",1,seq_179337,1,myopic,1.0,1.0,0.21826141645871622,0.24564470644287734,1.4490689067006148,2.0625,0.0002601000625332972,0.0,1.0,0.799277279117256,0.0,17.89210959664584
37b9c38d11661f06,"REST,YY1,YY1",1,seq_179337,1,rollout,1.0,1.0,0.07971353779928748,0.7028984730866028,0.9153817321099903,2.5,0.0005202169375166932,0.0,1.0,0.8110288545846559,0.0,17.089847180020385
37b9c38d11661f06,"REST,YY1,YY1",1,seq_179337,1,learned,1.0,1.0,0.11690324235515155,0.8424329246947737,0.9699181116826068,2.75,0.0023353835000108347,0.0,1.0,0.7255710452701755,0.0,18.129195275236704
37b9c38d11661f06,"REST,YY1,YY1",1,seq_179337,1,exact,1.0,1.0,0.10438827877336401,1.0,1.0000000000000004,2.4375,0.00028212887497147676,0.0,1.0,0.80859375,0.0,17.1484375
37b9c38d11661f06,"REST,YY1,YY1",1,seq_179337,1,defensive_rollout,1.0,1.0,0.15672833346460807,0.6645198985443941,0.981149774464658,2.875,0.000489493312542777,0.0,1.0,0.6911578807069345,0.0,18.6753334918509
37facc4949e0f0b1,"REST,SP1,XBP1",1,seq_140581,1,reference,1.0,1.0,0.1402023418743673,0.4947281144943527,1.0693362305922198,3.8125,0.00024198743750503127,0.0,1.0,0.9170536646134431,0.9170536646134431,11.878460347321923
37facc4949e0f0b1,"REST,SP1,XBP1",1,seq_140581,1,myopic,1.0,1.0,0.20450379919639822,0.40466141171682585,0.7103798544867034,2.25,0.00024584831248830596,0.0,1.0,0.9571894329830047,0.9571894329830047,9.874373322599538
37facc4949e0f0b1,"REST,SP1,XBP1",1,seq_140581,1,rollout,1.0,1.0,0.12618517719432165,0.7511355240106453,1.032593230157044,3.4375,0.0004838993750269083,0.0,1.0,0.9041503599987997,0.9041503599987997,12.388163665829794
37facc4949e0f0b1,"REST,SP1,XBP1",1,seq_140581,1,learned,1.0,1.0,0.1251107001031484,0.9356909746876092,1.003041313974141,3.625,0.0017888586250052185,0.0,1.0,0.8993778294598238,0.8993778294598238,11.356809575117143
37facc4949e0f0b1,"REST,SP1,XBP1",1,seq_140581,1,exact,1.0,1.0,0.11575816790757669,0.9999999999999999,0.9999999999999999,3.25,0.00025872174998653463,0.0,1.0,0.9140625,0.9140625,10.9296875
37facc4949e0f0b1,"REST,SP1,XBP1",1,seq_140581,1,defensive_rollout,1.0,1.0,0.08829415052995856,0.7642488217702457,0.9788129070453631,3.75,0.0005030139375037379,0.0,1.0,0.9278002910191232,0.9278002910191232,11.547674567419477
384283062e5a499d,"AHR,TFAP2C,TFAP2C",1,seq_196333,-1,reference,1.0,1.0,0.09990913156360773,0.38250567965004506,1.0029472122303582,1.9375,0.0002591480625113718,0.0,1.0,0.12614599163061324,0.12614599163061324,9.639897891197972
384283062e5a499d,"AHR,TFAP2C,TFAP2C",1,seq_196333,-1,myopic,1.0,1.0,0.12977413805170646,0.272253733997561,1.1082120643798454,1.4375,0.0002452255000093828,0.0,1.0,0.07399284527070427,0.07399284527070427,8.961906988519155
384283062e5a499d,"AHR,TFAP2C,TFAP2C",1,seq_196333,-1,rollout,1.0,1.0,0.08462386347588816,0.7056111593334529,0.7071629421709986,2.0,0.0005223250000483404,0.0,1.0,0.14722388024818317,0.14722388024818317,9.913910443226381
384283062e5a499d,"AHR,TFAP2C,TFAP2C",1,seq_196333,-1,learned,1.0,1.0,0.08943712361593074,0.8620259495752084,1.1411991720657924,2.0,0.0017805870624840736,0.0,1.0,0.15025303690410075,0.15025303690410075,9.953289479753309
384283062e5a499d,"AHR,TFAP2C,TFAP2C",1,seq_196333,-1,exact,1.0,1.0,0.07421875,1.0,1.0000000000000002,1.875,0.00029163687499078605,0.0,1.0,0.10546875,0.10546875,9.37109375
384283062e5a499d,"AHR,TFAP2C,TFAP2C",1,seq_196333,-1,defensive_rollout,1.0,1.0,0.08527873535826525,0.6204569277703513,0.982079173152508,2.0,0.0006713056875042867,0.0,1.0,0.16130321740972542,0.16130321740972542,10.09694182632643
38591f8d572a8bc3,"ONECUT1,REST,TFAP2C",2,seq_182874,1,reference,1.0,1.0,0.1946925509031801,0.42323037076545394,0.9041721728918501,3.0,0.00033390731246640826,0.0,0.4102934764455667,0.0,0.0,13.123010325698148
38591f8d572a8bc3,"ONECUT1,REST,TFAP2C",2,seq_182874,1,myopic,1.0,1.0,0.2540532606825368,0.3038657235780937,1.0666036938597445,2.75,0.0002577240624930255,0.0,0.2799519780026289,0.0,0.0,11.780531516953056
38591f8d572a8bc3,"ONECUT1,REST,TFAP2C",2,seq_182874,1,rollout,1.0,1.0,0.17227828507542986,0.746501371304249,0.9208589540569161,2.8125,0.0004980753749919131,0.0,0.30621926760635476,0.0,0.0,12.533424306269248
38591f8d572a8bc3,"ONECUT1,REST,TFAP2C",2,seq_182874,1,learned,1.0,1.0,0.12569647330890055,0.9474674216920491,1.023511530748866,2.8125,0.0017562699375019974,0.0,0.3216634982527995,0.0,0.0,12.249803988593719
38591f8d572a8bc3,"ONECUT1,REST,TFAP2C",2,seq_182874,1,exact,1.0,1.0,0.1272446930945974,1.0,1.0,2.875,0.0002560122499772888,0.0,0.328125,0.0,0.0,12.19140625
38591f8d572a8bc3,"ONECUT1,REST,TFAP2C",2,seq_182874,1,defensive_rollout,1.0,1.0,0.12792199293450776,0.791487336543809,0.9594784484959948,2.9375,0.0005053285624541104,0.0,0.2817150803436342,0.0,0.0,12.583589922495722
38b35b36ff19b6a3,"RXRA,SP1,YY1",1,seq_137771,1,reference,1.0,1.0,0.15660114717756402,0.49165098338928204,0.9874643633767564,3.9375,0.00024091668750259032,0.0,0.8676686212201496,0.6797878340243197,0.03954065885081727,11.7655133907265
38b35b36ff19b6a3,"RXRA,SP1,YY1",1,seq_137771,1,myopic,1.0,1.0,0.28077564553618706,0.4017355383593649,1.0576317086582598,2.6875,0.0002483776249704306,0.0,0.8957135046512208,0.7423198182637453,0.029883118193951248,10.991187376660143
38b35b36ff19b6a3,"RXRA,SP1,YY1",1,seq_137771,1,rollout,1.0,1.0,0.16435127059200366,0.813639819533047,1.0019482649752773,3.375,0.0005248468749954327,0.0,0.8574660767138653,0.7582365029165344,0.03370268190222231,10.958756353179549
38b35b36ff19b6a3,"RXRA,SP1,YY1",1,seq_137771,1,learned,1.0,1.0,0.11216675571501727,0.9351801837501303,1.0395742078929966,3.6875,0.0019454229999951167,0.0,0.8559130293383665,0.6556268720773991,0.03674818468453869,11.941660630971278
38b35b36ff19b6a3,"RXRA,SP1,YY1",1,seq_137771,1,exact,1.0,1.0,0.14037239055175352,1.0,1.0,3.6875,0.00030728868746621174,0.0,0.8828125,0.73046875,0.039062500000000014,11.28515625
38b35b36ff19b6a3,"RXRA,SP1,YY1",1,seq_137771,1,defensive_rollout,1.0,1.0,0.13462360283489488,0.8342815288474501,0.985342069742732,3.8125,0.0005856151875178739,0.0,0.8913889346532118,0.7151762327161073,0.0325031628524171,11.289585065097747
3956587a08758dca,"CEBPA,FOXA1,TFAP2C",2,seq_122906,-1,reference,1.0,1.0,3.469446951953614e-18,0.2592499383421183,1.0401311594529563,1.0,0.00029139512500364617,0.0,0.0,0.0,0.0,15.0
3956587a08758dca,"CEBPA,FOXA1,TFAP2C",2,seq_122906,-1,myopic,1.0,1.0,1.3877787807814457e-17,0.19083753476918378,1.24067728467696,1.0,0.0002867770624845889,0.0,0.0,0.0,0.0,15.0
3956587a08758dca,"CEBPA,FOXA1,TFAP2C",2,seq_122906,-1,rollout,1.0,1.0,7.28583859910259e-17,0.7664649986515066,0.5810005336654844,1.0,0.0005226199999981418,0.0,0.0,0.0,0.0,14.999999999999998
3956587a08758dca,"CEBPA,FOXA1,TFAP2C",2,seq_122906,-1,learned,1.0,1.0,6.245004513516506e-17,0.3969391959908106,0.9077250918064903,1.0,0.0018272156874843404,0.0,0.0,0.0,0.0,15.0
3956587a08758dca,"CEBPA,FOXA1,TFAP2C",2,seq_122906,-1,exact,1.0,1.0,0.0,1.0,1.0000000000000002,1.0,0.0002601776250230614,0.0,0.0,0.0,0.0,15.0
3956587a08758dca,"CEBPA,FOXA1,TFAP2C",2,seq_122906,-1,defensive_rollout,1.0,1.0,2.42861286636753e-17,0.43778003220521167,0.9453774496855614,1.0,0.0005012102500074889,0.0,0.0,0.0,0.0,15.0
3958ddb2bd121e15,"AP1,CTCF,TFAP2C",1,seq_202481,1,reference,1.0,1.0,0.09293154151654931,0.387516152382155,0.9741582809933303,2.0,0.00027074906250845743,0.0,0.0,0.0,0.0,5.696095529271792
3958ddb2bd121e15,"AP1,CTCF,TFAP2C",1,seq_202481,1,myopic,1.0,1.0,0.13652802368564776,0.4911634563113815,1.102779443193624,1.875,0.00024569993748002616,0.0,0.0,0.0,0.0,5.347415529152544
3958ddb2bd121e15,"AP1,CTCF,TFAP2C",1,seq_202481,1,rollout,1.0,1.0,0.11288846063788736,0.6955504140124186,0.8210606240254531,1.9375,0.0004962315624510438,0.0,0.0,0.0,0.0,6.364224643075209
3958ddb2bd121e15,"AP1,CTCF,TFAP2C",1,seq_202481,1,learned,1.0,1.0,0.08468380527067543,0.9003197471900257,1.2358515082903327,2.0,0.0018140648125068992,0.0,0.0,0.0,0.0,5.590392550632082
3958ddb2bd121e15,"AP1,CTCF,TFAP2C",1,seq_202481,1,exact,1.0,1.0,0.0638269662530723,1.0,0.9999999999999996,2.0,0.0002595461875074534,0.0,0.0,0.0,0.0,5.96875
3958ddb2bd121e15,"AP1,CTCF,TFAP2C",1,seq_202481,1,defensive_rollout,1.0,1.0,0.13011105686277485,0.7095337957259684,0.9730160557497729,2.0,0.0007951741875160678,0.0,0.0,0.0,0.0,6.32068477732528
3aef785d05a1b2e5,"CEBPA,FOXA1,GABPA",1,seq_188821,1,reference,1.0,1.0,0.11597129408078617,0.37978522425926764,0.9649813862601782,2.0,0.0002879593125157953,0.0,1.0,1.0,1.0,13.327459474581987
3aef785d05a1b2e5,"CEBPA,FOXA1,GABPA",1,seq_188821,1,myopic,1.0,1.0,0.14686276322739555,0.2917912933511778,0.7919982941912442,1.9375,0.0002492283124979622,0.0,1.0,1.0,1.0,11.992156762331415
3aef785d05a1b2e5,"CEBPA,FOXA1,GABPA",1,seq_188821,1,rollout,1.0,1.0,0.13473588717071894,0.7070273746747253,0.9259798842571243,2.0,0.0005069542500137914,0.0,1.0,1.0,1.0,12.675635988803112
3aef785d05a1b2e5,"CEBPA,FOXA1,GABPA",1,seq_188821,1,learned,1.0,1.0,0.06657616701519997,0.9435145625636805,1.0124577412069635,2.0,0.0023300547500042512,0.0,1.0,1.0,1.0,12.863882350281242
3aef785d05a1b2e5,"CEBPA,FOXA1,GABPA",1,seq_188821,1,exact,1.0,1.0,0.08593296222271928,1.0,1.0000000000000002,2.0,0.0003291465625068213,0.0,1.0,1.0,1.0,12.6171875
3aef785d05a1b2e5,"CEBPA,FOXA1,GABPA",1,seq_188821,1,defensive_rollout,1.0,1.0,0.08805312695425575,0.7141989795653622,1.0333071428822367,2.0,0.0005114778125090425,0.0,1.0,1.0,1.0,12.693774423197995
3b8b2358da655269,"CEBPA,FOXA1,YY1",1,seq_122973,-1,reference,1.0,1.0,0.16732782194518903,0.4183013329933022,0.9952220446488275,2.75,0.0002472836875142548,0.0,0.9556694866167967,0.9556694866167967,0.9556694866167967,13.24894203551293
3b8b2358da655269,"CEBPA,FOXA1,YY1",1,seq_122973,-1,myopic,1.0,1.0,0.19542490837813636,0.26560991126556177,0.9880701670763282,2.125,0.0002574178125200888,0.0,0.9749339469710181,0.9749339469710181,0.9749339469710181,13.554974339781243
3b8b2358da655269,"CEBPA,FOXA1,YY1",1,seq_122973,-1,rollout,1.0,1.0,0.12108220786927357,0.7690803980247319,0.8392245433397509,2.6875,0.0004802065000149014,0.0,0.9408567965503774,0.9408567965503774,0.9408567965503774,13.410846321688192
3b8b2358da655269,"CEBPA,FOXA1,YY1",1,seq_122973,-1,learned,1.0,1.0,0.10081193497784793,0.951441188953124,0.9745946341510245,2.75,0.0022968029999930195,0.0,0.9649380172778382,0.9649380172778382,0.9649380172778382,14.01690512158586
3b8b2358da655269,"CEBPA,FOXA1,YY1",1,seq_122973,-1,exact,1.0,1.0,0.10382990684031226,1.0,1.0,2.75,0.00033679493751037626,0.0,0.9375,0.9375,0.9375,13.98046875
3b8b2358da655269,"CEBPA,FOXA1,YY1",1,seq_122973,-1,defensive_rollout,1.0,1.0,0.11316342827872211,0.7258043337489002,1.056217102158456,2.875,0.0005099487499791167,0.0,0.9631086731460576,0.9631086731460576,0.9631086731460576,13.815116330167452
3c209d88b8d0ddc1,"ONECUT1,RXRA,SP1",1,seq_139121,1,reference,1.0,1.0,0.1666345312702594,0.7106644815200341,1.0066147160528234,4.625,0.000244290999987129,0.0,0.6185835063046747,0.0752869388201112,0.0752869388201112,10.522677436156897
3c209d88b8d0ddc1,"ONECUT1,RXRA,SP1",1,seq_139121,1,myopic,1.0,1.0,0.28121669556781836,0.5737159540324214,0.9183396545649932,3.4375,0.00038055031249939475,0.0,0.49336330998871625,0.06864771232057872,0.06864771232057872,10.027462479848335
3c209d88b8d0ddc1,"ONECUT1,RXRA,SP1",1,seq_139121,1,rollout,1.0,1.0,0.17684915709182858,0.7996391257030525,1.0515025776567708,4.4375,0.0005373560625088203,0.0,0.6243923032225491,0.10563597386552256,0.10563597386552256,10.911533094042388
3c209d88b8d0ddc1,"ONECUT1,RXRA,SP1",1,seq_139121,1,learned,1.0,1.0,0.1780097785588277,0.9604054794422914,1.01059027313979,4.3125,0.0025736944374870063,0.0,0.5781625305024392,0.09999818103370167,0.09999818103370167,10.466028110360519
3c209d88b8d0ddc1,"ONECUT1,RXRA,SP1",1,seq_139121,1,exact,1.0,1.0,0.15473132347827828,0.9999999999999998,1.0,4.25,0.0002539854375243067,0.0,0.609375,0.140625,0.140625,10.75390625
3c209d88b8d0ddc1,"ONECUT1,RXRA,SP1",1,seq_139121,1,defensive_rollout,1.0,1.0,0.2145919895081968,0.8863008695720856,1.0423484928231763,4.4375,0.0006087780624852712,0.0,0.4929151614464846,0.09305283583721372,0.09305283583721372,10.192055436029287
3c3851ed18e39491,"AP1,GABPA,XBP1",2,seq_190212,1,reference,1.0,1.0,0.23263300793698477,0.4412884652806387,0.9377953666718025,3.0,0.00025572056249245634,0.0,0.24477793776297524,0.24477793776297524,0.0,14.823428462349012
3c3851ed18e39491,"AP1,GABPA,XBP1",2,seq_190212,1,myopic,1.0,1.0,0.3186568416847694,0.2863636963898133,0.9193326176896537,3.0,0.0002992637500085493,0.0,0.2944974657275679,0.2944974657275679,0.0,15.238517451270585
3c3851ed18e39491,"AP1,GABPA,XBP1",2,seq_190212,1,rollout,1.0,1.0,0.1510750600694071,0.7177111573462529,0.8873525148053203,3.0,0.0005685760625055991,0.0,0.3460196554288224,0.3460196554288224,0.0,14.272701296713182
3c3851ed18e39491,"AP1,GABPA,XBP1",2,seq_190212,1,learned,1.0,1.0,0.1731820013839609,0.9047425805081528,0.9385484691587456,3.0,0.0018113546874900521,0.0,0.2688670744691474,0.2688670744691474,0.0,14.661624363982469
3c3851ed18e39491,"AP1,GABPA,XBP1",2,seq_190212,1,exact,1.0,1.0,0.08908303408754242,0.9999999999999998,0.9999999999999998,3.0,0.00025661743748628396,0.0,0.3203125,0.3203125,0.0,14.3515625
3c3851ed18e39491,"AP1,GABPA,XBP1",2,seq_190212,1,defensive_rollout,1.0,1.0,0.1723047143893599,0.7508077132125848,0.9832888337902274,3.0,0.0004874376874539621,0.0,0.38123723368937906,0.38123723368937906,0.0,14.435892597609698
3c62e3e7da99f526,"RXRA,RXRA,SP1",1,seq_158703,1,reference,1.0,1.0,0.19303308376348027,0.46129124865842425,0.7941505685833623,4.0,0.00027014818743964497,0.0,1.0,1.0,0.29738593893434784,12.821537457122842
3c62e3e7da99f526,"RXRA,RXRA,SP1",1,seq_158703,1,myopic,1.0,1.0,0.3168827104376119,0.3468091027129728,0.9880117182693682,2.9375,0.0002554043125400085,0.0,1.0,1.0,0.24589194229988978,11.912288193495087
3c62e3e7da99f526,"RXRA,RXRA,SP1",1,seq_158703,1,rollout,1.0,1.0,0.1483042345570457,0.789213783657816,0.9572671367232005,3.6875,0.0005641488750001145,0.0,1.0,1.0,0.18091708172826704,11.559097785549678
3c62e3e7da99f526,"RXRA,RXRA,SP1",1,seq_158703,1,learned,1.0,1.0,0.13405261343893504,0.940159530987613,1.033713036222876,3.8125,0.0018765998125047645,0.0,1.0,1.0,0.22265286615097712,11.86595133297218
3c62e3e7da99f526,"RXRA,RXRA,SP1",1,seq_158703,1,exact,1.0,1.0,0.1384356602442514,1.0,0.9999999999999998,3.625,0.0002534439999806182,0.0,1.0,1.0,0.23046875,11.83203125
3c62e3e7da99f526,"RXRA,RXRA,SP1",1,seq_158703,1,defensive_rollout,1.0,1.0,0.15257001166477047,0.7849503896544017,1.0151959583620318,3.8125,0.0006355176874848212,0.0,1.0,1.0,0.19165297263868483,11.507398202819395
3cb910c416f59776,"RXRA,TFAP2C,YY1",2,seq_157488,1,reference,1.0,1.0,2.42861286636753e-17,0.21560497598608952,0.8636444350932959,1.0,0.00027020681255862655,0.0,0.0,0.0,0.0,23.0
3cb910c416f59776,"RXRA,TFAP2C,YY1",2,seq_157488,1,myopic,0.6875,0.6875,0.3125,0.060483362090144537,1.207012006993946,0.6875,0.00030534206247523343,0.0,0.0,0.0,0.0,23.0
3cb910c416f59776,"RXRA,TFAP2C,YY1",2,seq_157488,1,rollout,1.0,1.0,8.673617379884035e-17,0.7886395409327136,0.30441281826320765,1.0,0.0005149804999717844,0.0,0.0,0.0,0.0,23.0
3cb910c416f59776,"RXRA,TFAP2C,YY1",2,seq_157488,1,learned,1.0,1.0,3.469446951953614e-17,0.7373499803262933,0.9012637238031653,1.0,0.001891494687512818,0.0,0.0,0.0,0.0,23.0
3cb910c416f59776,"RXRA,TFAP2C,YY1",2,seq_157488,1,exact,1.0,1.0,6.938893903907228e-18,0.9999999999999999,0.9999999999999999,1.0,0.00026930487500465006,0.0,0.0,0.0,0.0,23.0
3cb910c416f59776,"RXRA,TFAP2C,YY1",2,seq_157488,1,defensive_rollout,1.0,1.0,1.3877787807814457e-17,0.27343762699571117,0.9380416097845666,1.0,0.0004944431250208936,0.0,0.0,0.0,0.0,23.0
3cc3e20ef2fba570,"GABPA,HNF4A,YY1",1,seq_155599,1,reference,1.0,1.0,0.06705006362893318,0.4196946017346784,1.0979799378788315,2.0,0.0002596425000263025,0.0,1.0,0.1303122127859668,0.1303122127859668,7.303122127859668
3cc3e20ef2fba570,"GABPA,HNF4A,YY1",1,seq_155599,1,myopic,1.0,1.0,0.12180695212859466,0.44502436347077157,0.9687482188268481,2.0,0.0003102749375187841,0.0,1.0,0.20298885821623652,0.20298885821623652,8.029888582162364
3cc3e20ef2fba570,"GABPA,HNF4A,YY1",1,seq_155599,1,rollout,1.0,1.0,0.12322660634894185,0.7871147292688263,0.8769657600254025,2.0,0.000590321437485386,0.0,1.0,0.1204529108030393,0.1204529108030393,7.204529108030393
3cc3e20ef2fba570,"GABPA,HNF4A,YY1",1,seq_155599,1,learned,1.0,1.0,0.10131368156535503,0.9126317971825505,0.9802416133248237,2.0,0.0021039146249961505,0.0,1.0,0.2251471965654529,0.2251471965654529,8.25147196565453
3cc3e20ef2fba570,"GABPA,HNF4A,YY1",1,seq_155599,1,exact,1.0,1.0,0.10529125280225479,0.9999999999999999,1.0,2.0,0.00026593043747880074,0.0,1.0,0.23828125,0.23828125,8.3828125
3cc3e20ef2fba570,"GABPA,HNF4A,YY1",1,seq_155599,1,defensive_rollout,1.0,1.0,0.08272083979386782,0.7143262264525572,1.0430647375086097,2.0,0.0005464726250323793,0.0,1.0,0.21533271436521167,0.21533271436521167,8.153327143652117
3dd311db4352c1e1,"FOXA1,ONECUT1,PPARA",1,seq_142197,1,reference,1.0,1.0,0.22993410426591043,0.6442196328775511,0.9468484766143004,4.5,0.000247090124986471,0.0,0.445523368760313,0.445523368760313,0.445523368760313,12.799613404200379
3dd311db4352c1e1,"FOXA1,ONECUT1,PPARA",1,seq_142197,1,myopic,1.0,1.0,0.2968016640668413,0.4519576945934766,1.032060861214112,2.9375,0.0002744124374913781,0.0,0.47176717389408884,0.47176717389408884,0.47176717389408884,12.212968193679544
3dd311db4352c1e1,"FOXA1,ONECUT1,PPARA",1,seq_142197,1,rollout,1.0,1.0,0.18458900784553733,0.8188833887678262,0.9801390260500646,4.25,0.0005297356250224539,0.0,0.4730574798313812,0.4730574798313812,0.4730574798313812,12.551930928964046
3dd311db4352c1e1,"FOXA1,ONECUT1,PPARA",1,seq_142197,1,learned,1.0,1.0,0.22142941289835472,0.89732904095242,0.9955782206355374,4.25,0.0018314823125535895,0.0,0.5158421746185491,0.5158421746185491,0.5158421746185491,12.852848893631052
3dd311db4352c1e1,"FOXA1,ONECUT1,PPARA",1,seq_142197,1,exact,1.0,1.0,0.1611141751947312,1.0,1.0000000000000002,4.3125,0.00029085199997780364,0.0,0.43359375,0.43359375,0.43359375,12.67578125
3dd311db4352c1e1,"FOXA1,ONECUT1,PPARA",1,seq_142197,1,defensive_rollout,1.0,1.0,0.18150753726599297,0.897324902002685,1.0174578493940727,4.5,0.0005789638124724661,0.0,0.47540302319170896,0.47540302319170896,0.47540302319170896,12.868644699083017
3ea33bc66d91df3a,"ONECUT1,PPARA,TFAP2C",2,seq_146254,-1,reference,1.0,1.0,4.5102810375396984e-17,0.348724527297733,0.8166033801909467,1.0,0.00025353406253714184,0.0,0.0,0.0,0.0,4.0
3ea33bc66d91df3a,"ONECUT1,PPARA,TFAP2C",2,seq_146254,-1,myopic,1.0,1.0,5.898059818321144e-17,0.6016307108376266,1.1130859769940593,1.0,0.0002640471875139383,0.0,0.0,0.0,0.0,4.0
3ea33bc66d91df3a,"ONECUT1,PPARA,TFAP2C",2,seq_146254,-1,rollout,1.0,1.0,3.469446951953614e-17,0.7271599622448146,2.485572344030679,1.0,0.0005007894374671196,0.0,0.0,0.0,0.0,4.0
3ea33bc66d91df3a,"ONECUT1,PPARA,TFAP2C",2,seq_146254,-1,learned,1.0,1.0,6.245004513516506e-17,0.7983596732582214,0.9724288115849771,1.0,0.0018238022500014495,0.0,0.0,0.0,0.0,4.0
3ea33bc66d91df3a,"ONECUT1,PPARA,TFAP2C",2,seq_146254,-1,exact,1.0,1.0,6.938893903907228e-18,0.9999999999999999,1.0000000000000002,1.0,0.00026637174998711544,0.0,0.0,0.0,0.0,4.0
3ea33bc66d91df3a,"ONECUT1,PPARA,TFAP2C",2,seq_146254,-1,defensive_rollout,1.0,1.0,3.122502256758253e-17,0.6675350231185552,0.9458284859423498,1.0,0.0005160309374758754,0.0,0.0,0.0,0.0,4.0
3ed675ed2d1407a9,"CEBPA,RXRA,SP1",2,seq_129306,-1,reference,1.0,1.0,0.1909828538020636,0.6326691072592463,0.9960351426557148,4.75,0.0002634106875376574,0.0,0.9717803128378969,0.845090822933475,0.6872812582672605,13.418515309018634
3ed675ed2d1407a9,"CEBPA,RXRA,SP1",2,seq_129306,-1,myopic,1.0,1.0,0.28507454269313737,0.38036891613226725,0.9386567949776858,3.9375,0.0002819330625101202,0.0,0.9800499345438516,0.8563657312757962,0.6251607077228396,13.257299142874707
3ed675ed2d1407a9,"CEBPA,RXRA,SP1",2,seq_129306,-1,rollout,1.0,1.0,0.1656162283732412,0.8166341665353898,1.015601171871485,4.75,0.0004966394374861238,0.0,0.9663297279658141,0.8239750418638271,0.6540731329636955,13.325044834726478
3ed675ed2d1407a9,"CEBPA,RXRA,SP1",2,seq_129306,-1,learned,1.0,1.0,0.19610987419053166,0.9306690397450106,0.9925774494971016,4.375,0.0020012294375248985,0.0,0.9586056714461724,0.838362357156096,0.6783260827540069,13.385858872756286
3ed675ed2d1407a9,"CEBPA,RXRA,SP1",2,seq_129306,-1,exact,1.0,1.0,0.16713043977007117,0.9999999999999998,0.9999999999999998,4.625,0.0003219371874791932,0.0,0.96875,0.83203125,0.68359375,13.16796875
3ed675ed2d1407a9,"CEBPA,RXRA,SP1",2,seq_129306,-1,defensive_rollout,1.0,1.0,0.15596028674226972,0.8714627015506766,0.9772325998166794,4.6875,0.0004912371249901071,0.0,0.948878895080237,0.8012078796343831,0.6427035251107032,13.59575122831767
3f1f849c240c01d1,"REST,SP1,XBP1",2,seq_140582,1,reference,1.0,1.0,0.11242162536473596,0.30283268902508886,0.9241532339286629,1.9375,0.0002473110624947594,0.0,0.1621902732209438,0.1621902732209438,0.0,25.10847355187227
3f1f849c240c01d1,"REST,SP1,XBP1",2,seq_140582,1,myopic,1.0,1.0,0.13575063491243666,0.27579462765458407,0.8660454568912009,1.0,0.00024867300000153136,0.0,0.0,0.0,0.0,23.0
3f1f849c240c01d1,"REST,SP1,XBP1",2,seq_140582,1,rollout,1.0,1.0,0.0852766805919368,0.7268460783789469,0.8096899225486649,2.0,0.000491446875003021,0.0,0.1172520643061782,0.1172520643061782,0.0,24.524276835980316
3f1f849c240c01d1,"REST,SP1,XBP1",2,seq_140582,1,learned,1.0,1.0,0.08422461675616655,0.8599553118459589,0.993165963761952,2.0,0.0017937936875256355,0.0,0.186515506383469,0.186515506383469,0.0,25.424701582985097
3f1f849c240c01d1,"REST,SP1,XBP1",2,seq_140582,1,exact,1.0,1.0,0.06384382936405458,0.9999999999999998,0.9999999999999999,2.0,0.00026353793748512544,0.0,0.140625,0.140625,0.0,24.828125
3f1f849c240c01d1,"REST,SP1,XBP1",2,seq_140582,1,defensive_rollout,1.0,1.0,0.08291008068665898,0.42360618079595924,0.9402917205008461,2.0,0.0005080721875287963,0.0,0.11670178390499805,0.11670178390499805,0.0,24.517123190764977
3ff2cbf5aa915cab,"AP1,AP1,XBP1",1,seq_148563,-1,reference,1.0,1.0,5.551115123125783e-17,0.3119194298075902,0.8557868340471417,1.0,0.00024295143749952786,0.0,0.0,0.0,0.0,1.0
3ff2cbf5aa915cab,"AP1,AP1,XBP1",1,seq_148563,-1,myopic,1.0,1.0,4.5102810375396984e-17,0.657789939152132,0.8721756090504584,1.0,0.00024540062499056603,0.0,0.0,0.0,0.0,1.0
3ff2cbf5aa915cab,"AP1,AP1,XBP1",1,seq_148563,-1,rollout,1.0,1.0,2.42861286636753e-17,0.7212168981206315,0.7598689548559774,1.0,0.0005291401874814028,0.0,0.0,0.0,0.0,1.0
3ff2cbf5aa915cab,"AP1,AP1,XBP1",1,seq_148563,-1,learned,1.0,1.0,4.5102810375396984e-17,0.7944829519883756,0.9854801179111248,1.0,0.001809468749968346,0.0,0.0,0.0,0.0,1.0
3ff2cbf5aa915cab,"AP1,AP1,XBP1",1,seq_148563,-1,exact,1.0,1.0,1.3877787807814457e-17,0.9999999999999997,1.0,1.0,0.0002550056249503996,0.0,0.0,0.0,0.0,1.0
3ff2cbf5aa915cab,"AP1,AP1,XBP1",1,seq_148563,-1,defensive_rollout,1.0,1.0,4.5102810375396984e-17,0.6847766870588746,1.0045667155783906,1.0,0.0005282454374793133,0.0,0.0,0.0,0.0,1.0
405775fa787d4b57,"GABPA,RXRA,YY1",1,seq_160501,1,reference,1.0,1.0,3.469446951953614e-17,0.32716084163919773,0.9570941422388654,1.0,0.00024355487498439743,0.0,1.0,0.0,0.0,9.0
405775fa787d4b57,"GABPA,RXRA,YY1",1,seq_160501,1,myopic,1.0,1.0,6.591949208711867e-17,0.3441169606714787,1.0980974511395702,1.0,0.00031140168754006936,0.0,1.0,0.0,0.0,9.0
405775fa787d4b57,"GABPA,RXRA,YY1",1,seq_160501,1,rollout,1.0,1.0,7.632783294297951e-17,0.7800423415444058,0.7781161163169596,1.0,0.000519479750025198,0.0,1.0,0.0,0.0,9.0
405775fa787d4b57,"GABPA,RXRA,YY1",1,seq_160501,1,learned,1.0,1.0,4.163336342344337e-17,0.8121179250153046,1.240159622160431,1.0,0.0023815039375278957,0.0,1.0,0.0,0.0,9.0
405775fa787d4b57,"GABPA,RXRA,YY1",1,seq_160501,1,exact,1.0,1.0,0.0,1.0,1.0000000000000002,1.0,0.00033324256250466533,0.0,1.0,0.0,0.0,9.0
405775fa787d4b57,"GABPA,RXRA,YY1",1,seq_160501,1,defensive_rollout,1.0,1.0,3.469446951953614e-17,0.6129083019546604,0.8618486610528993,1.0,0.000499027499969884,0.0,1.0,0.0,0.0,9.0
40af577b34f4ac8c,"GABPA,GABPA,TFAP2C",1,seq_197447,-1,reference,1.0,1.0,3.8163916471489756e-17,0.35090471078968943,1.1239412594695735,1.0,0.00025070231245649666,0.0,1.0,1.0,0.0,4.0
40af577b34f4ac8c,"GABPA,GABPA,TFAP2C",1,seq_197447,-1,myopic,1.0,1.0,7.28583859910259e-17,0.5295586170255223,0.9841557290102952,1.0,0.00025331300001596446,0.0,1.0,1.0,0.0,4.0
40af577b34f4ac8c,"GABPA,GABPA,TFAP2C",1,seq_197447,-1,rollout,1.0,1.0,2.0816681711721685e-17,0.7315127964771013,0.7181762667270886,1.0,0.0005203338749737441,0.0,1.0,1.0,0.0,4.0
40af577b34f4ac8c,"GABPA,GABPA,TFAP2C",1,seq_197447,-1,learned,1.0,1.0,4.5102810375396984e-17,0.737612672442408,1.0152572742106334,1.0,0.0023390650625003673,0.0,1.0,1.0,0.0,4.0
40af577b34f4ac8c,"GABPA,GABPA,TFAP2C",1,seq_197447,-1,exact,1.0,1.0,0.0,1.0,1.0000000000000002,1.0,0.000333508625004697,0.0,1.0,1.0,0.0,4.0
40af577b34f4ac8c,"GABPA,GABPA,TFAP2C",1,seq_197447,-1,defensive_rollout,1.0,1.0,4.163336342344337e-17,0.6617390500900848,1.00154504734597,1.0,0.0005789313125177387,0.0,1.0,1.0,0.0,4.0
41364dfd27531fd9,"GABPA,HNF4A,PPARA",2,seq_190428,-1,reference,1.0,1.0,2.7755575615628914e-17,0.2862957285054122,1.049213464474801,1.0,0.00025511218748874853,0.0,0.0,0.0,0.0,20.0
41364dfd27531fd9,"GABPA,HNF4A,PPARA",2,seq_190428,-1,myopic,1.0,1.0,2.42861286636753e-17,0.15014374145878898,0.8740884566831505,1.0,0.00025880381251397466,0.0,0.0,0.0,0.0,20.0
41364dfd27531fd9,"GABPA,HNF4A,PPARA",2,seq_190428,-1,rollout,1.0,1.0,5.204170427930421e-17,0.7337368006665873,0.3653523686757334,1.0,0.0005106428124861395,0.0,0.0,0.0,0.0,20.0
41364dfd27531fd9,"GABPA,HNF4A,PPARA",2,seq_190428,-1,learned,1.0,1.0,4.5102810375396984e-17,0.7402083689996637,0.9927904968574828,1.0,0.002304487187515747,0.0,0.0,0.0,0.0,20.0
41364dfd27531fd9,"GABPA,HNF4A,PPARA",2,seq_190428,-1,exact,1.0,1.0,0.0,1.0,1.0000000000000002,1.0,0.0002651499375048161,0.0,0.0,0.0,0.0,20.0
41364dfd27531fd9,"GABPA,HNF4A,PPARA",2,seq_190428,-1,defensive_rollout,1.0,1.0,3.469446951953614e-17,0.43387508026603294,0.9590368826230515,1.0,0.0004954027500332359,0.0,0.0,0.0,0.0,20.0
424e496c6c4ff047,"CEBPA,FOXA1,XBP1",1,seq_127025,1,reference,1.0,1.0,0.19085815106597523,0.759663042445054,0.9955245811012696,5.75,0.0002407745625134794,0.0,0.9081666208473655,0.5595003942226203,0.10908079791389899,14.978770724605221
424e496c6c4ff047,"CEBPA,FOXA1,XBP1",1,seq_127025,1,myopic,1.0,1.0,0.31364060190639165,0.43298079204835443,1.0218783547583488,4.25,0.00024850412496846275,0.0,0.8548090857210047,0.4902695192024764,0.058513635069038124,14.421461089266408
424e496c6c4ff047,"CEBPA,FOXA1,XBP1",1,seq_127025,1,rollout,1.0,1.0,0.1993588277278152,0.8247801593225462,1.0008210639367217,5.1875,0.0004995230624871283,0.0,0.8679068833746003,0.4518661931159174,0.05685659007186314,14.76625591570047
424e496c6c4ff047,"CEBPA,FOXA1,XBP1",1,seq_127025,1,learned,1.0,1.0,0.18249344988426508,0.9654502768917836,0.9953301637712358,5.25,0.0017319808124796054,0.0,0.9190561345621804,0.44626676267510945,0.08031474901328839,14.404027387163874
424e496c6c4ff047,"CEBPA,FOXA1,XBP1",1,seq_127025,1,exact,1.0,1.0,0.2258129243059378,1.0,0.9999999999999997,5.0625,0.00025753768750291783,0.0,0.88671875,0.4609375,0.09765625,15.03515625
424e496c6c4ff047,"CEBPA,FOXA1,XBP1",1,seq_127025,1,defensive_rollout,1.0,1.0,0.17288930840905997,0.9063590092044982,1.0233558653057417,5.375,0.0004909785624818142,0.0,0.8615588559271301,0.49906046848518626,0.10406825676122557,15.357393422927878
426824968c98e9ac,"FOXA1,HNF4A,REST",1,seq_180431,-1,reference,1.0,1.0,0.13781608499478387,0.41635874006827783,1.0904545916516617,2.0,0.00024072406247910294,0.0,1.0,0.0,0.0,12.770793351635088
426824968c98e9ac,"FOXA1,HNF4A,REST",1,seq_180431,-1,myopic,1.0,1.0,0.17423173034149797,0.3307915874816699,0.8604048984049253,1.9375,0.00024738243747890465,0.0,1.0,0.0,0.0,12.908605279915271
426824968c98e9ac,"FOXA1,HNF4A,REST",1,seq_180431,-1,rollout,1.0,1.0,0.12129589645001668,0.7714868301252453,0.9204272169672004,1.9375,0.0004906074375270464,0.0,1.0,0.0,0.0,12.937549381084644
426824968c98e9ac,"FOXA1,HNF4A,REST",1,seq_180431,-1,learned,1.0,1.0,0.08158097305106113,0.9536893983009629,0.9710839245325752,2.0,0.0017663442499440407,0.0,1.0,0.0,0.0,13.012856626305023
426824968c98e9ac,"FOXA1,HNF4A,REST",1,seq_180431,-1,exact,1.0,1.0,0.08954744385246954,0.9999999999999998,1.0,2.0,0.00025733400002536655,0.0,1.0,0.0,0.0,12.96875
426824968c98e9ac,"FOXA1,HNF4A,REST",1,seq_180431,-1,defensive_rollout,1.0,1.0,0.07798185845118111,0.6947747514085486,0.9670449113369645,2.0,0.000517600062494239,0.0,1.0,0.0,0.0,13.07621525310709
43150b2853049106,"CEBPA,SP1,TFAP2C",2,seq_131404,1,reference,1.0,1.0,4.85722573273506e-17,0.2803183475501797,1.0937953036011838,1.0,0.0002494817500036106,0.0,0.0,0.0,0.0,17.0
43150b2853049106,"CEBPA,SP1,TFAP2C",2,seq_131404,1,myopic,1.0,1.0,2.42861286636753e-17,0.19811146716215672,1.0858761480304726,1.0,0.00025298843752352695,0.0,0.0,0.0,0.0,17.0
43150b2853049106,"CEBPA,SP1,TFAP2C",2,seq_131404,1,rollout,1.0,1.0,7.28583859910259e-17,0.7521960052653672,7.132086525403477,1.0,0.0005172975625100662,0.0,0.0,0.0,0.0,17.0
43150b2853049106,"CEBPA,SP1,TFAP2C",2,seq_131404,1,learned,1.0,1.0,3.122502256758253e-17,0.8742488086114779,1.0338021003322324,1.0,0.0018169223125141798,0.0,0.0,0.0,0.0,17.0
43150b2853049106,"CEBPA,SP1,TFAP2C",2,seq_131404,1,exact,1.0,1.0,3.469446951953614e-18,1.0,1.0000000000000004,1.0,0.00030083981249617864,0.0,0.0,0.0,0.0,17.0
43150b2853049106,"CEBPA,SP1,TFAP2C",2,seq_131404,1,defensive_rollout,1.0,1.0,5.204170427930421e-17,0.3909371919268335,0.8172153750869934,1.0,0.0005106078125294289,0.0,0.0,0.0,0.0,17.0
436e5dac9a87ec9a,"AP1,RXRA,TFAP2C",1,seq_151065,-1,reference,1.0,1.0,0.17980979556762983,0.32655291507821094,1.079922558449171,2.0,0.00025201624998771877,0.0,1.0,1.0,1.0,13.387987041362765
436e5dac9a87ec9a,"AP1,RXRA,TFAP2C",1,seq_151065,-1,myopic,1.0,1.0,0.2514132606606786,0.21810146057292348,1.0948252795548883,2.0,0.00025667387500050154,0.0,1.0,1.0,1.0,13.430247611005413
436e5dac9a87ec9a,"AP1,RXRA,TFAP2C",1,seq_151065,-1,rollout,1.0,1.0,0.13921261383246641,0.7181719656318611,0.6676791691204622,2.0,0.0005125933749923206,0.0,1.0,1.0,1.0,13.345555402306797
436e5dac9a87ec9a,"AP1,RXRA,TFAP2C",1,seq_151065,-1,learned,1.0,1.0,0.12295789279869895,0.9282375299719585,1.0521553723405759,2.0,0.0019140598125204633,0.0,1.0,1.0,1.0,13.339031635292605
436e5dac9a87ec9a,"AP1,RXRA,TFAP2C",1,seq_151065,-1,exact,1.0,1.0,0.08951670087556432,1.0,0.9999999999999996,2.0,0.0002615527500040571,0.0,1.0,1.0,1.0,13.4140625
436e5dac9a87ec9a,"AP1,RXRA,TFAP2C",1,seq_151065,-1,defensive_rollout,1.0,1.0,0.17085836620914807,0.6405207257614329,1.1475672309622365,2.0,0.00049866956248934,0.0,1.0,1.0,1.0,13.411464981579309
4535cb68908c69d6,"GABPA,GABPA,HNF4A",2,seq_190442,1,reference,1.0,1.0,3.8163916471489756e-17,0.2149853194089016,1.1839651811218126,1.0,0.0002457844375243212,0.0,0.0,0.0,0.0,21.0
4535cb68908c69d6,"GABPA,GABPA,HNF4A",2,seq_190442,1,myopic,0.8125,0.8125,0.1875,0.08697989457505415,1.1334826363240973,0.8125,0.00025042075003511854,0.0,0.0,0.0,0.0,21.0
4535cb68908c69d6,"GABPA,GABPA,HNF4A",2,seq_190442,1,rollout,1.0,1.0,5.898059818321144e-17,0.748176439225388,1.317743426067058,1.0,0.0005957963125382548,0.0,0.0,0.0,0.0,21.0
4535cb68908c69d6,"GABPA,GABPA,HNF4A",2,seq_190442,1,learned,1.0,1.0,4.5102810375396984e-17,0.767850013925407,1.0510648385878478,1.0,0.0018070086875070501,0.0,0.0,0.0,0.0,21.0
4535cb68908c69d6,"GABPA,GABPA,HNF4A",2,seq_190442,1,exact,1.0,1.0,6.938893903907228e-18,1.0,1.0000000000000004,1.0,0.0002568153125110939,0.0,0.0,0.0,0.0,21.0
4535cb68908c69d6,"GABPA,GABPA,HNF4A",2,seq_190442,1,defensive_rollout,1.0,1.0,1.734723475976807e-17,0.29558945968976663,0.9604401329128812,1.0,0.0004890296874862088,0.0,0.0,0.0,0.0,21.0
45520d57cee1220d,"CEBPA,SP1,TFAP2C",1,seq_131399,-1,reference,1.0,1.0,0.18244936740937653,0.5107178939430952,1.1450351397317373,3.0,0.00024364581248903505,0.0,1.0,1.0,0.8305561580727555,10.525136233392356
45520d57cee1220d,"CEBPA,SP1,TFAP2C",1,seq_131399,-1,myopic,1.0,1.0,0.22833181014338672,0.405369491261093,1.040800245584724,2.6875,0.00025629325003251324,0.0,1.0,1.0,0.8994086220860114,9.901344427246528
45520d57cee1220d,"CEBPA,SP1,TFAP2C",1,seq_131399,-1,rollout,1.0,1.0,0.10410985350231389,0.789573219578399,0.9018243219509707,3.0,0.0004905905625065543,0.0,1.0,1.0,0.8713653483966084,10.226952819912652
45520d57cee1220d,"CEBPA,SP1,TFAP2C",1,seq_131399,-1,learned,1.0,1.0,0.16308610553663136,0.9277556225135495,0.9819284160660411,3.0,0.0017683576249396538,0.0,1.0,1.0,0.844370391877342,10.682230334866581
45520d57cee1220d,"CEBPA,SP1,TFAP2C",1,seq_131399,-1,exact,1.0,1.0,0.14362555127034243,1.0,1.0,3.0,0.00025734650002107173,0.0,1.0,1.0,0.875,10.234375
45520d57cee1220d,"CEBPA,SP1,TFAP2C",1,seq_131399,-1,defensive_rollout,1.0,1.0,0.13921456015444977,0.7730553030300535,0.9879583447054315,3.0,0.0004897588125061247,0.0,1.0,1.0,0.8560078693133392,10.528396643070415
455aba3f5bb00842,"FOXA1,NR2F2,TFAP2C",2,seq_126590,1,reference,1.0,1.0,0.16684001027563117,0.287878857441683,1.0635360341109787,2.0,0.00023930556248785706,0.0,0.7400197043834145,0.0,0.0,29.039921182466344
455aba3f5bb00842,"FOXA1,NR2F2,TFAP2C",2,seq_126590,1,myopic,0.9375,0.9375,0.3863843764973086,0.10018686427679732,1.7175419682837363,1.3125,0.0002524348749801675,1.0666666666666667,0.5525996924643979,0.0,0.0,29.789601230142406
455aba3f5bb00842,"FOXA1,NR2F2,TFAP2C",2,seq_126590,1,rollout,1.0,1.0,0.11306410084104937,0.7028035641309558,0.7828020637624009,2.0,0.0006610943125338054,0.0,0.6987395065634471,0.0,0.0,29.20504197374621
455aba3f5bb00842,"FOXA1,NR2F2,TFAP2C",2,seq_126590,1,learned,1.0,1.0,0.10938773339816865,0.8066645817658624,0.9587924654203065,2.0,0.0018070595625374608,0.0,0.6563399550628639,0.0,0.0,29.374640179748546
455aba3f5bb00842,"FOXA1,NR2F2,TFAP2C",2,seq_126590,1,exact,1.0,1.0,0.08651000352740046,0.9999999999999999,1.0000000000000002,2.0,0.0003724415000334602,0.0,0.6796875,0.0,0.0,29.28125
455aba3f5bb00842,"FOXA1,NR2F2,TFAP2C",2,seq_126590,1,defensive_rollout,1.0,1.0,0.14273450692984196,0.4349727374396608,0.9855113637516397,2.0,0.0004908347499821275,0.0,0.6992515904030342,0.0,0.0,29.202993638387863
46474043c9053bc5,"AP1,AP1,ONECUT1",2,seq_143472,1,reference,1.0,1.0,2.7755575615628914e-17,0.2806895748610176,1.0496551058069563,1.0,0.00042428749999601223,0.0,0.0,0.0,0.0,11.0
46474043c9053bc5,"AP1,AP1,ONECUT1",2,seq_143472,1,myopic,1.0,1.0,3.8163916471489756e-17,0.15741179685517798,1.0105274929439445,1.0,0.0003404363750405537,0.0,0.0,0.0,0.0,11.0
46474043c9053bc5,"AP1,AP1,ONECUT1",2,seq_143472,1,rollout,1.0,1.0,7.632783294297951e-17,0.7247956401163579,0.6308082625096262,1.0,0.0007557314374935231,0.0,0.0,0.0,0.0,11.0
46474043c9053bc5,"AP1,AP1,ONECUT1",2,seq_143472,1,learned,1.0,1.0,5.898059818321144e-17,0.6889382488833207,0.8982273994378671,1.0,0.002391884562513269,0.0,0.0,0.0,0.0,11.0
46474043c9053bc5,"AP1,AP1,ONECUT1",2,seq_143472,1,exact,1.0,1.0,0.0,1.0,1.0,1.0,0.00029251556249221267,0.0,0.0,0.0,0.0,11.0
46474043c9053bc5,"AP1,AP1,ONECUT1",2,seq_143472,1,defensive_rollout,1.0,1.0,5.551115123125783e-17,0.5303656899911697,1.0075114059674006,1.0,0.0005409594375009874,0.0,0.0,0.0,0.0,11.0
478e27342cd0808e,"ONECUT1,YY1,YY1",1,seq_133347,-1,reference,1.0,1.0,0.20071043621530527,0.6902604923942551,0.9711216514824388,4.75,0.00023943062500109136,0.0,0.46843756483593285,0.5044598558057682,0.08643978091817794,12.661279999450144
478e27342cd0808e,"ONECUT1,YY1,YY1",1,seq_133347,-1,myopic,1.0,1.0,0.22150088429776138,0.45698256779403534,0.9156061385213605,3.5625,0.00026387881244716027,0.0,0.5024504076711498,0.5024504076711498,0.05486267378349741,11.481264745689314
478e27342cd0808e,"ONECUT1,YY1,YY1",1,seq_133347,-1,rollout,1.0,1.0,0.1935703583602019,0.8114695470882483,1.0281961001910942,4.3125,0.0005556833749977841,0.0,0.45825575797919316,0.47693970946662867,0.07496285456637494,12.266799492516899
478e27342cd0808e,"ONECUT1,YY1,YY1",1,seq_133347,-1,learned,1.0,1.0,0.18424111152638678,0.9036069686752828,1.0381218687956149,4.5625,0.0022279982500066353,0.0,0.47010999956822924,0.5148280500261133,0.07570562564824619,12.616110410990773
478e27342cd0808e,"ONECUT1,YY1,YY1",1,seq_133347,-1,exact,1.0,1.0,0.18172581740133587,0.9999999999999998,0.9999999999999996,4.625,0.00032035656251139244,0.0,0.50390625,0.51953125,0.08984375,12.0703125
478e27342cd0808e,"ONECUT1,YY1,YY1",1,seq_133347,-1,defensive_rollout,1.0,1.0,0.20660295254536454,0.8672453373440223,1.0024504793759497,4.4375,0.000595648624965861,0.0,0.5313838646248535,0.5421778249736176,0.08839985730331641,12.245085058098512
47dd02aefc2e917a,"HNF4A,SP1,YY1",1,seq_152665,-1,reference,1.0,1.0,0.2017553029321097,0.7595564439930096,1.0277298474666359,5.5,0.0002596156249694559,0.0,1.0,1.0,1.0,10.759553901863537
47dd02aefc2e917a,"HNF4A,SP1,YY1",1,seq_152665,-1,myopic,1.0,1.0,0.24853701111970133,0.557937254532917,0.9488995627995744,4.375,0.00028077293754336097,0.0,1.0,1.0,1.0,10.958557131612128
47dd02aefc2e917a,"HNF4A,SP1,YY1",1,seq_152665,-1,rollout,1.0,1.0,0.2446814569404533,0.8664156595735335,0.9289397403008017,5.625,0.0005088546250107129,0.0,1.0,1.0,1.0,12.447300411686841
47dd02aefc2e917a,"HNF4A,SP1,YY1",1,seq_152665,-1,learned,1.0,1.0,0.19380754898256794,0.9395783063283418,1.0340119362861342,5.25,0.001832082874997809,0.0,1.0,1.0,1.0,11.683501905607084
47dd02aefc2e917a,"HNF4A,SP1,YY1",1,seq_152665,-1,exact,1.0,1.0,0.21796025667901253,0.9999999999999999,1.0,5.375,0.00029392193749799844,0.0,1.0,1.0,1.0,11.52734375
47dd02aefc2e917a,"HNF4A,SP1,YY1",1,seq_152665,-1,defensive_rollout,1.0,1.0,0.21098556136246913,0.9020433942097175,0.9996660484123268,5.25,0.0005158711875026256,0.0,1.0,1.0,1.0,11.036890482763855
48614f386f099977,"FOXA1,ONECUT1,XBP1",1,seq_146609,1,reference,1.0,1.0,0.1487421385250014,0.5509210827710314,1.0783824278270444,3.6875,0.00025812206250463987,0.0,0.8101148450572293,0.1105005345549857,0.0,15.962912698583875
48614f386f099977,"FOXA1,ONECUT1,XBP1",1,seq_146609,1,myopic,1.0,1.0,0.2804205818837825,0.31874220334170345,1.081960898110046,3.0,0.00025601018747067883,0.0,0.7142992343700711,0.14309724695099313,0.0,17.34529619572443
48614f386f099977,"FOXA1,ONECUT1,XBP1",1,seq_146609,1,rollout,1.0,1.0,0.16182748709053948,0.7613824452807871,0.9906033303699657,3.5,0.0005175380625104253,0.0,0.7895741877215575,0.13059578948831166,0.0,16.286503987136598
48614f386f099977,"FOXA1,ONECUT1,XBP1",1,seq_146609,1,learned,1.0,1.0,0.1571030865864762,0.8710494200157861,0.9297405447779308,3.625,0.0018738696874862626,0.0,0.823797883544259,0.12945664205400312,0.0,16.372743784053483
48614f386f099977,"FOXA1,ONECUT1,XBP1",1,seq_146609,1,exact,1.0,1.0,0.14908261934514616,1.0,1.0000000000000002,3.625,0.0002657778750005946,0.0,0.7109375,0.125,0.0,17.09375
48614f386f099977,"FOXA1,ONECUT1,XBP1",1,seq_146609,1,defensive_rollout,1.0,1.0,0.1270046788073816,0.8250321267895877,1.0022761191742768,3.4375,0.0005055040000314648,0.0,0.7800882309856043,0.14762281583518946,0.0,16.6669038708419
495b332a8ff699bb,"AHR,REST,SP1",2,seq_179742,-1,reference,1.0,1.0,0.15112209310023622,0.38384794102186204,0.9589150629430476,2.9375,0.000247934562466412,0.0,0.9599482201086821,0.9599482201086821,0.0,17.610584051874163
495b332a8ff699bb,"AHR,REST,SP1",2,seq_179742,-1,myopic,1.0,1.0,0.2297546391954448,0.22887601875327013,0.8936087718735597,2.1875,0.00024783749998391613,0.0,0.9910529266145152,0.9910529266145152,0.0,16.51545066395891
495b332a8ff699bb,"AHR,REST,SP1",2,seq_179742,-1,rollout,1.0,1.0,0.15941836770310525,0.7630105608568546,0.8798623543015254,2.6875,0.000508478500023557,0.0,0.9601500687095199,0.9601500687095199,0.0,17.70340716306287
495b332a8ff699bb,"AHR,REST,SP1",2,seq_179742,-1,learned,1.0,1.0,0.09504633478518498,0.9116782691632755,0.9818158835078961,2.8125,0.0017832637499992643,0.0,0.9491283341063987,0.9491283341063987,0.0,17.912060897285226
495b332a8ff699bb,"AHR,REST,SP1",2,seq_179742,-1,exact,1.0,1.0,0.08190046827050887,0.9999999999999998,1.0,2.5625,0.00026069662496297497,0.0,0.984375,0.984375,0.0,17.359375
495b332a8ff699bb,"AHR,REST,SP1",2,seq_179742,-1,defensive_rollout,1.0,1.0,0.10280058084427326,0.7248477117061323,1.0081444163036073,2.875,0.0005904041249920056,0.0,0.9458440009819524,0.9458440009819524,0.0,18.061614449755574
49756b81f7ad6089,"FOXA1,FOXA1,HNF4A",2,seq_122494,-1,reference,1.0,1.0,0.24364640239269159,0.7511356964782387,0.9971931373120533,5.375,0.00025102106252461454,0.0,0.9182712723379304,0.9182712723379304,0.8266834407226218,13.663284235843506
49756b81f7ad6089,"FOXA1,FOXA1,HNF4A",2,seq_122494,-1,myopic,1.0,1.0,0.2825553229758618,0.48065289832736985,0.9492166875023659,4.5625,0.00025671624999290543,0.0,0.972244171347709,0.972244171347709,0.8527235218501414,13.391339988846552
49756b81f7ad6089,"FOXA1,FOXA1,HNF4A",2,seq_122494,-1,rollout,1.0,1.0,0.24137807370454323,0.8409141587600266,0.9867053140808074,5.3125,0.0004879625000029364,0.0,0.9043592517826062,0.9043592517826062,0.8172370870727187,13.817851347749029
49756b81f7ad6089,"FOXA1,FOXA1,HNF4A",2,seq_122494,-1,learned,1.0,1.0,0.2267590289660532,0.94853232604372,1.0097303595831,5.375,0.001783376937495973,0.0,0.9110968949090472,0.9110968949090472,0.8046515693700447,14.055845011490817
49756b81f7ad6089,"FOXA1,FOXA1,HNF4A",2,seq_122494,-1,exact,1.0,1.0,0.17935501666270415,0.9999999999999998,0.9999999999999999,5.4375,0.00026184512503846236,0.0,0.93359375,0.93359375,0.8203125,13.734375
49756b81f7ad6089,"FOXA1,FOXA1,HNF4A",2,seq_122494,-1,defensive_rollout,1.0,1.0,0.24061774792512042,0.9278193243718975,0.9930406403841835,5.25,0.0004912409374924209,0.0,0.905549832647664,0.905549832647664,0.8158839019111264,13.560438323904888
49b48dfa3df9e67e,"AP1,GABPA,XBP1",1,seq_193245,-1,reference,1.0,1.0,0.15914838481906712,0.6128741890459901,1.0088863937608419,2.875,0.00024359993753364506,0.0,0.1396638631452656,0.1396638631452656,0.1396638631452656,3.2292522473543324
49b48dfa3df9e67e,"AP1,GABPA,XBP1",1,seq_193245,-1,myopic,1.0,1.0,0.15413319000162626,0.7932324074028211,0.9365339086088516,2.9375,0.00025103350000676983,0.0,0.17635019167384877,0.17635019167384877,0.17635019167384877,3.4545825379411093
49b48dfa3df9e67e,"AP1,GABPA,XBP1",1,seq_193245,-1,rollout,1.0,1.0,0.16033868427821302,0.8228002834549402,0.9792120061754832,3.0,0.0004888180624789129,0.0,0.21977714518938235,0.21977714518938235,0.21977714518938235,3.773037373674956
49b48dfa3df9e67e,"AP1,GABPA,XBP1",1,seq_193245,-1,learned,1.0,1.0,0.14888427471199228,0.9089915096713448,1.0156394260002126,3.0,0.0019333501874712056,0.0,0.1639689298869566,0.1639689298869566,0.1639689298869566,3.4167390043457733
49b48dfa3df9e67e,"AP1,GABPA,XBP1",1,seq_193245,-1,exact,1.0,1.0,0.1852077946386774,1.0,0.9999999999999994,3.0,0.00025877131251661467,0.0,0.2109375,0.2109375,0.2109375,4.0234375
49b48dfa3df9e67e,"AP1,GABPA,XBP1",1,seq_193245,-1,defensive_rollout,1.0,1.0,0.14875058537591318,0.8216666313625495,0.9511670908023434,3.0,0.0004907434374672448,0.0,0.15623302899638192,0.15623302899638192,0.15623302899638192,3.6318157560624202
49bf372de3f0c22a,"AHR,GABPA,HNF4A",2,seq_154670,-1,reference,1.0,1.0,0.11675041164961777,0.40461818909199715,1.0306296896548168,2.0,0.0002386978125201722,0.0,0.0,0.0,0.0,14.764239731566521
49bf372de3f0c22a,"AHR,GABPA,HNF4A",2,seq_154670,-1,myopic,1.0,1.0,0.17004394352865077,0.251012442469695,0.9792573285927906,2.0,0.0002457915000206867,0.0,0.0,0.0,0.0,14.769665776214884
49bf372de3f0c22a,"AHR,GABPA,HNF4A",2,seq_154670,-1,rollout,1.0,1.0,0.0937378812084313,0.7235888637120913,0.7400783575733396,2.0,0.0016632789375137236,0.0,0.0,0.0,0.0,15.037351705627469
49bf372de3f0c22a,"AHR,GABPA,HNF4A",2,seq_154670,-1,learned,1.0,1.0,0.08672114557916981,0.8823839782723708,0.9379515037607332,2.0,0.0019209576250176497,0.0,0.0,0.0,0.0,15.096043593497534
49bf372de3f0c22a,"AHR,GABPA,HNF4A",2,seq_154670,-1,exact,1.0,1.0,0.12109375,1.0,1.0,2.0,0.00026864568748408146,0.0,0.0,0.0,0.0,14.93359375
49bf372de3f0c22a,"AHR,GABPA,HNF4A",2,seq_154670,-1,defensive_rollout,1.0,1.0,0.08068214216853375,0.6421911338578958,0.8807657151060422,2.0,0.0005663860625162442,0.0,0.0,0.0,0.0,14.861718263049863
4ab3f45e9313f4e1,"CTCF,HNF4A,ONECUT1",2,seq_153166,1,reference,1.0,1.0,0.09496469201932398,0.38907290494608526,1.1463652886906852,2.0,0.0002568928124873082,0.0,0.0,0.0,0.0,19.684754621500304
4ab3f45e9313f4e1,"CTCF,HNF4A,ONECUT1",2,seq_153166,1,myopic,1.0,1.0,0.1407306598199972,0.21359810406497762,1.186578950585507,1.5,0.00026239087500812275,0.0,0.0,0.0,0.0,18.704534158715006
4ab3f45e9313f4e1,"CTCF,HNF4A,ONECUT1",2,seq_153166,1,rollout,1.0,1.0,0.12723462173416084,0.770944821441512,0.7428272580916535,1.9375,0.0005249371250073409,0.0,0.0,0.0,0.0,20.256441015182546
4ab3f45e9313f4e1,"CTCF,HNF4A,ONECUT1",2,seq_153166,1,learned,1.0,1.0,0.09429158185043715,0.8839584101142152,0.9898814831362456,2.0,0.0017735824999931538,0.0,0.0,0.0,0.0,20.12825963440967
4ab3f45e9313f4e1,"CTCF,HNF4A,ONECUT1",2,seq_153166,1,exact,1.0,1.0,0.07540903290487236,1.0,0.9999999999999998,2.0,0.0002597253124889676,0.0,0.0,0.0,0.0,19.40625
4ab3f45e9313f4e1,"CTCF,HNF4A,ONECUT1",2,seq_153166,1,defensive_rollout,1.0,1.0,0.08626882001800101,0.5505147153654029,1.0506802904925492,1.9375,0.0004957088749932836,0.0,0.0,0.0,0.0,19.618578175712287
4b1ef119c32b0ff3,"AHR,REST,SP1",2,seq_172218,1,reference,1.0,1.0,5.898059818321144e-17,0.3034926230755946,1.018509114799567,1.0,0.0002570918125144317,0.0,0.0,0.0,0.0,21.0
4b1ef119c32b0ff3,"AHR,REST,SP1",2,seq_172218,1,myopic,1.0,1.0,2.0816681711721685e-17,0.1826165744451454,0.6852970708731508,1.0,0.0002482443750011498,0.0,0.0,0.0,0.0,21.0
4b1ef119c32b0ff3,"AHR,REST,SP1",2,seq_172218,1,rollout,1.0,1.0,6.245004513516506e-17,0.7517202624387291,0.5817470760525874,1.0,0.0005194098749825571,0.0,0.0,0.0,0.0,21.0
4b1ef119c32b0ff3,"AHR,REST,SP1",2,seq_172218,1,learned,1.0,1.0,4.5102810375396984e-17,0.769952389380338,0.944607587772299,1.0,0.0018432982499945183,0.0,0.0,0.0,0.0,21.0
4b1ef119c32b0ff3,"AHR,REST,SP1",2,seq_172218,1,exact,1.0,1.0,3.122502256758253e-17,0.9999999999999998,1.0,1.0,0.00026922425003306216,0.0,0.0,0.0,0.0,21.0
4b1ef119c32b0ff3,"AHR,REST,SP1",2,seq_172218,1,defensive_rollout,1.0,1.0,5.204170427930421e-17,0.43425229322698444,0.8947579425800636,1.0,0.0005509608124896204,0.0,0.0,0.0,0.0,21.0
4c2426d8f1f456d1,"ONECUT1,YY1,YY1",2,seq_142590,1,reference,1.0,1.0,1.3877787807814457e-17,0.2343830473889297,0.8939361182056822,1.0,0.000249323437486737,0.0,1.0,1.0,0.0,30.0
4c2426d8f1f456d1,"ONECUT1,YY1,YY1",2,seq_142590,1,myopic,0.75,0.75,0.25,0.07022766076568016,1.2633854698424378,0.75,0.00025614987502819986,0.0,1.0,1.0,0.0,30.0
4c2426d8f1f456d1,"ONECUT1,YY1,YY1",2,seq_142590,1,rollout,1.0,1.0,4.5102810375396984e-17,0.7826847033243707,0.21817210505909215,1.0,0.000507396250057468,0.0,1.0,1.0,0.0,30.0
4c2426d8f1f456d1,"ONECUT1,YY1,YY1",2,seq_142590,1,learned,1.0,1.0,4.5102810375396984e-17,0.7437041582169568,1.0241370556142368,1.0,0.0019061034999907633,0.0,1.0,1.0,0.0,30.0
4c2426d8f1f456d1,"ONECUT1,YY1,YY1",2,seq_142590,1,exact,1.0,1.0,0.0,1.0,1.0,1.0,0.00027731231247685173,0.0,1.0,1.0,0.0,30.0
4c2426d8f1f456d1,"ONECUT1,YY1,YY1",2,seq_142590,1,defensive_rollout,1.0,1.0,3.469446951953614e-17,0.2716653100612912,1.0712829968599817,1.0,0.0005033376875047679,0.0,1.0,1.0,0.0,30.0
4cec2d85eb63e2d7,"AHR,REST,SP1",1,seq_172207,1,reference,1.0,1.0,0.2224026639232679,0.4440949425354376,0.9968437899744819,3.8125,0.000244289124992747,0.0,1.0,1.0,1.0,19.619688676544577
4cec2d85eb63e2d7,"AHR,REST,SP1",1,seq_172207,1,myopic,1.0,1.0,0.35128287065296904,0.2790981943678442,1.313358350257153,2.375,0.00025405668753819555,0.0,1.0,1.0,1.0,19.1547050920309
4cec2d85eb63e2d7,"AHR,REST,SP1",1,seq_172207,1,rollout,1.0,1.0,0.19337110534536678,0.7316548400472769,0.9468934695618,3.5,0.0005167975625255394,0.0,1.0,1.0,1.0,18.99039052794555
4cec2d85eb63e2d7,"AHR,REST,SP1",1,seq_172207,1,learned,1.0,1.0,0.16298336451714743,0.933020795513903,1.0014307490913796,3.4375,0.001878293687454402,0.0,1.0,1.0,1.0,18.87830771868731
4cec2d85eb63e2d7,"AHR,REST,SP1",1,seq_172207,1,exact,1.0,1.0,0.1332657690339278,0.9999999999999999,1.0000000000000002,3.5,0.0002595084375229817,0.0,1.0,1.0,1.0,18.9453125
4cec2d85eb63e2d7,"AHR,REST,SP1",1,seq_172207,1,defensive_rollout,1.0,1.0,0.1384567718017964,0.7406139418294486,0.9719972021891462,3.8125,0.000488992062514626,0.0,1.0,1.0,1.0,18.701340916745842
4d1a3f7b90df5431,"RXRA,SP1,YY1",1,seq_133149,1,reference,1.0,1.0,0.21906459195433609,0.9165003313265293,1.0245619594746795,6.5625,0.00024914618748539397,0.0,1.0,1.0,1.0,11.17014967618904
4d1a3f7b90df5431,"RXRA,SP1,YY1",1,seq_133149,1,myopic,1.0,1.0,0.29556556864552264,0.6314834176428041,0.9672044298765923,5.25,0.00024750200005030365,0.0,1.0,1.0,1.0,10.792255496305984
4d1a3f7b90df5431,"RXRA,SP1,YY1",1,seq_133149,1,rollout,1.0,1.0,0.2472163110689529,0.8844232031359466,1.0100054995410483,6.125,0.0004843380624919291,0.0,1.0,1.0,1.0,11.392689937289774
4d1a3f7b90df5431,"RXRA,SP1,YY1",1,seq_133149,1,learned,1.0,1.0,0.22225328122413152,0.9766124666598572,0.9945763587125179,6.125,0.0017528048750108383,0.0,1.0,1.0,1.0,10.812953680085357
4d1a3f7b90df5431,"RXRA,SP1,YY1",1,seq_133149,1,exact,1.0,1.0,0.22469956632962168,0.9999999999999999,1.0000000000000004,6.4375,0.0002516808749817301,0.0,1.0,1.0,1.0,11.34765625
4d1a3f7b90df5431,"RXRA,SP1,YY1",1,seq_133149,1,defensive_rollout,1.0,1.0,0.22624630959117759,0.9368837664998098,0.9878050440650077,6.4375,0.0004975091874541704,0.0,1.0,1.0,1.0,11.453519159172307
4ed1a62304532ee5,"RXRA,RXRA,SP1",1,seq_157643,1,reference,1.0,1.0,0.2391034993800626,0.7547797242446891,1.0053330794029984,5.6875,0.00024231862502688273,0.0,1.0,1.0,0.6360131991685938,11.675296076187593
4ed1a62304532ee5,"RXRA,RXRA,SP1",1,seq_157643,1,myopic,1.0,1.0,0.32572721147238826,0.5134580863972982,1.1328920679156855,4.5625,0.0002486500625025201,0.0,1.0,1.0,0.6938237534792887,12.21129506025931
4ed1a62304532ee5,"RXRA,RXRA,SP1",1,seq_157643,1,rollout,1.0,1.0,0.2157964052833944,0.882554899532132,0.9948717975488974,5.375,0.0004965819999966925,0.0,1.0,1.0,0.6330542905885451,10.97373875218922
4ed1a62304532ee5,"RXRA,RXRA,SP1",1,seq_157643,1,learned,1.0,1.0,0.19327062436095221,0.9657604551862611,1.0002058839928576,5.4375,0.0017375397500103418,0.0,1.0,1.0,0.6323105214539059,11.514382287004416
4ed1a62304532ee5,"RXRA,RXRA,SP1",1,seq_157643,1,exact,1.0,1.0,0.2402307701552595,1.0,1.0,5.5,0.00025753125001415356,0.0,1.0,1.0,0.65625,11.87890625
4ed1a62304532ee5,"RXRA,RXRA,SP1",1,seq_157643,1,defensive_rollout,1.0,1.0,0.23124229016966563,0.8992687696791476,0.9930194379783396,5.5,0.0005272723749811803,0.0,1.0,1.0,0.6389988928337764,11.194336955842525
4ef761f0d2b2af91,"ONECUT1,PPARA,TFAP2C",1,seq_187771,1,reference,1.0,1.0,5.898059818321144e-17,0.33363340463144214,0.8760153962744264,1.0,0.00024643431248705383,0.0,1.0,0.0,0.0,4.0
4ef761f0d2b2af91,"ONECUT1,PPARA,TFAP2C",1,seq_187771,1,myopic,1.0,1.0,4.85722573273506e-17,0.563758207472183,1.0940328317332166,1.0,0.00028349593749510404,0.0,1.0,0.0,0.0,4.0
4ef761f0d2b2af91,"ONECUT1,PPARA,TFAP2C",1,seq_187771,1,rollout,1.0,1.0,5.551115123125783e-17,0.7411717885206568,0.7917815118360247,1.0,0.0005101646249840996,0.0,1.0,0.0,0.0,4.0
4ef761f0d2b2af91,"ONECUT1,PPARA,TFAP2C",1,seq_187771,1,learned,1.0,1.0,5.204170427930421e-17,0.9298339991620794,0.9796154954977765,1.0,0.0018057752500055813,0.0,1.0,0.0,0.0,4.0
4ef761f0d2b2af91,"ONECUT1,PPARA,TFAP2C",1,seq_187771,1,exact,1.0,1.0,6.938893903907228e-18,0.9999999999999999,0.9999999999999998,1.0,0.0002730196874978219,0.0,1.0,0.0,0.0,4.0
4ef761f0d2b2af91,"ONECUT1,PPARA,TFAP2C",1,seq_187771,1,defensive_rollout,1.0,1.0,4.85722573273506e-17,0.6707345666071047,0.9929818876832905,1.0,0.0004895841249776822,0.0,1.0,0.0,0.0,4.0
4f0fc724a767f8c4,"AHR,FOXA1,RXRA",2,seq_170912,1,reference,1.0,1.0,0.14384713971122953,0.415924448399268,0.9231667777736581,2.8125,0.00024100543753036163,0.0,0.037202160120582785,0.2339975008722448,0.037202160120582785,15.515201269176615
4f0fc724a767f8c4,"AHR,FOXA1,RXRA",2,seq_170912,1,myopic,1.0,1.0,0.2299298251570045,0.31794850508831135,1.2364580534721767,2.125,0.0002488072500028693,0.0,0.09680477961844827,0.2700908266771288,0.09680477961844827,16.49567001589709
4f0fc724a767f8c4,"AHR,FOXA1,RXRA",2,seq_170912,1,rollout,1.0,1.0,0.15973198162254892,0.7064529261452378,0.8390138217635651,2.5625,0.0005149771875210263,0.0,0.06881619827470563,0.2835084969637277,0.06881619827470563,16.30855465369531
4f0fc724a767f8c4,"AHR,FOXA1,RXRA",2,seq_170912,1,learned,1.0,1.0,0.09292242322809491,0.7742086249992235,1.0084347677810952,2.9375,0.0017533349999325765,0.0,0.041566817261828704,0.2701288104449793,0.041566817261828704,15.888394283884928
4f0fc724a767f8c4,"AHR,FOXA1,RXRA",2,seq_170912,1,exact,1.0,1.0,0.11585412843055773,0.9999999999999998,1.0000000000000002,2.625,0.0003016410000071801,0.0,0.046875,0.27734375,0.046875,16.01171875
4f0fc724a767f8c4,"AHR,FOXA1,RXRA",2,seq_170912,1,defensive_rollout,1.0,1.0,0.12928009956657535,0.7287493531443481,1.0770941057207357,2.9375,0.0005010329374925959,0.0,0.047774442088794083,0.2555949410654992,0.047774442088794083,15.825873332566228
4f18841dad966ede,"AP1,CTCF,TFAP2C",1,seq_151467,-1,reference,1.0,1.0,2.0816681711721685e-17,0.2852483719549169,0.8582703579490785,1.0,0.00025031981253675895,0.0,1.0,1.0,1.0,10.0
4f18841dad966ede,"AP1,CTCF,TFAP2C",1,seq_151467,-1,myopic,1.0,1.0,1.0408340855860843e-17,0.24934542296411727,0.7971917412365916,1.0,0.00024743006251526367,0.0,1.0,1.0,1.0,10.0
4f18841dad966ede,"AP1,CTCF,TFAP2C",1,seq_151467,-1,rollout,1.0,1.0,5.204170427930421e-17,0.6691043686185476,0.39145583485977803,1.0,0.0005083038750370861,0.0,1.0,1.0,1.0,10.0
4f18841dad966ede,"AP1,CTCF,TFAP2C",1,seq_151467,-1,learned,1.0,1.0,6.245004513516506e-17,0.824459286012653,1.0663943967612874,1.0,0.001731332499986138,0.0,1.0,1.0,1.0,10.0
4f18841dad966ede,"AP1,CTCF,TFAP2C",1,seq_151467,-1,exact,1.0,1.0,6.938893903907228e-18,1.0,1.0,1.0,0.0002553775624960508,0.0,1.0,1.0,1.0,10.0
4f18841dad966ede,"AP1,CTCF,TFAP2C",1,seq_151467,-1,defensive_rollout,1.0,1.0,2.7755575615628914e-17,0.4911948118002354,0.8627456689478775,1.0,0.0004934635000068965,0.0,1.0,1.0,1.0,10.0
4f19be063c7bfa32,"CTCF,HNF4A,ONECUT1",1,seq_146429,1,reference,1.0,1.0,0.16495383144695408,0.6911504448989573,0.9853895945354214,4.9375,0.0002471997499498002,0.0,0.2229252190382294,0.2229252190382294,0.0,12.307661655041002
4f19be063c7bfa32,"CTCF,HNF4A,ONECUT1",1,seq_146429,1,myopic,1.0,1.0,0.2807432989101427,0.46692959306507914,1.087473501597417,3.8125,0.00025698412498798007,0.0,0.18756006418858728,0.18756006418858728,0.0,11.433417542294563
4f19be063c7bfa32,"CTCF,HNF4A,ONECUT1",1,seq_146429,1,rollout,1.0,1.0,0.17347652587051554,0.8091995588021734,1.005466226271985,4.5,0.000518252187518442,0.0,0.1912243483782718,0.1912243483782718,0.0,11.47373366034778
4f19be063c7bfa32,"CTCF,HNF4A,ONECUT1",1,seq_146429,1,learned,1.0,1.0,0.15264181595567822,0.9678282094132703,1.0025666263461366,4.5,0.0018095749375106607,0.0,0.1925578103622747,0.1925578103622747,0.0,11.662520551543311
4f19be063c7bfa32,"CTCF,HNF4A,ONECUT1",1,seq_146429,1,exact,1.0,1.0,0.18178378472617052,0.9999999999999999,1.0000000000000004,4.25,0.0002757038124769906,0.0,0.234375,0.234375,0.0,11.8125
4f19be063c7bfa32,"CTCF,HNF4A,ONECUT1",1,seq_146429,1,defensive_rollout,1.0,1.0,0.21088740433739,0.8908377563012964,1.0377977209481324,4.5625,0.0004982738125107744,0.0,0.2078949791481005,0.2078949791481005,0.0,11.928752606786173
4fb322d52dec2531,"FOXA1,GABPA,YY1",1,seq_135977,1,reference,1.0,1.0,0.22077156396551556,0.5937496642579713,1.0293988453496041,3.6875,0.00024241568742411346,0.0,0.6396776904191395,0.3248832765774995,0.3248832765774995,18.43853348759534
4fb322d52dec2531,"FOXA1,GABPA,YY1",1,seq_135977,1,myopic,1.0,1.0,0.4056088579769588,0.2256616562193206,1.1294058665245097,2.9375,0.000246664562482124,0.0,0.6351558159791885,0.36160711358765346,0.36160711358765346,18.365709589308924
4fb322d52dec2531,"FOXA1,GABPA,YY1",1,seq_135977,1,rollout,1.0,1.0,0.1689235031724119,0.7616175180968022,0.9692764444431815,3.875,0.0005528539999914983,0.0,0.6560707170823475,0.35992753433523494,0.35992753433523494,18.219387858775914
4fb322d52dec2531,"FOXA1,GABPA,YY1",1,seq_135977,1,learned,1.0,1.0,0.2182214070692397,0.742050789334675,1.1810306586902053,4.0,0.0017704347499716278,0.0,0.6560551780929688,0.3814719021996208,0.3814719021996208,18.083570351758297
4fb322d52dec2531,"FOXA1,GABPA,YY1",1,seq_135977,1,exact,1.0,1.0,0.174952360350209,1.0,0.9999999999999998,3.875,0.000261574624985883,0.0,0.59375,0.3828125,0.3828125,17.7890625
4fb322d52dec2531,"FOXA1,GABPA,YY1",1,seq_135977,1,defensive_rollout,1.0,1.0,0.19713878018230768,0.7412425933752845,0.8763368560265048,3.6875,0.0005156289374923517,0.0,0.6007726438423637,0.35948173041414866,0.35948173041414866,17.772141718406615
5034f70b8aab4ecf,"GABPA,GABPA,TFAP2C",2,seq_192816,-1,reference,1.0,1.0,4.163336342344337e-17,0.27212184024428077,0.9210680141226368,1.0,0.0003559793749872142,0.0,1.0,1.0,1.0,12.0
5034f70b8aab4ecf,"GABPA,GABPA,TFAP2C",2,seq_192816,-1,myopic,1.0,1.0,5.204170427930421e-17,0.20346157544282528,1.426330573358901,1.0,0.0002553974999699449,0.0,1.0,1.0,1.0,12.0
5034f70b8aab4ecf,"GABPA,GABPA,TFAP2C",2,seq_192816,-1,rollout,1.0,1.0,7.979727989493313e-17,0.7559696307803216,0.5512000562990174,1.0,0.0005154148125114943,0.0,1.0,1.0,1.0,12.0
5034f70b8aab4ecf,"GABPA,GABPA,TFAP2C",2,seq_192816,-1,learned,1.0,1.0,4.85722573273506e-17,0.8053586510850822,1.116244015436267,1.0,0.001776778999996509,0.0,1.0,1.0,1.0,12.0
5034f70b8aab4ecf,"GABPA,GABPA,TFAP2C",2,seq_192816,-1,exact,1.0,1.0,0.0,1.0,1.0,1.0,0.0002604650624959959,0.0,1.0,1.0,1.0,12.0
5034f70b8aab4ecf,"GABPA,GABPA,TFAP2C",2,seq_192816,-1,defensive_rollout,1.0,1.0,4.163336342344337e-17,0.49062198600809065,1.000622195275843,1.0,0.000497509062483914,0.0,1.0,1.0,1.0,12.0
504ac32f8041c022,"AP1,RXRA,YY1",2,seq_157334,1,reference,1.0,1.0,0.13637294800907115,0.3793029303883548,0.9767962945171377,2.0,0.00024032624999392738,0.0,0.0,0.0,0.0,10.419011648756655
504ac32f8041c022,"AP1,RXRA,YY1",2,seq_157334,1,myopic,1.0,1.0,0.14639027935439658,0.3196421211517121,1.0751940382280063,2.0,0.00024556975000677994,0.0,0.0,0.0,0.0,10.316330436934852
504ac32f8041c022,"AP1,RXRA,YY1",2,seq_157334,1,rollout,1.0,1.0,0.14601624459359755,0.7692728326943259,0.9042639099227007,2.0,0.0005163583750089629,0.0,0.0,0.0,0.0,10.316959414371803
504ac32f8041c022,"AP1,RXRA,YY1",2,seq_157334,1,learned,1.0,1.0,0.09813882669948089,0.94411973769361,0.9620247255545284,2.0,0.0020685353124747508,0.0,0.0,0.0,0.0,10.395190319159383
504ac32f8041c022,"AP1,RXRA,YY1",2,seq_157334,1,exact,1.0,1.0,0.10546874999999997,0.9999999999999998,0.9999999999999998,2.0,0.00025214487503433247,0.0,0.0,0.0,0.0,10.42578125
504ac32f8041c022,"AP1,RXRA,YY1",2,seq_157334,1,defensive_rollout,1.0,1.0,0.12898102194947586,0.7456835032237549,0.980469649201329,2.0,0.0005220597500112945,0.0,0.0,0.0,0.0,10.403022849163099
